delivery_id,pickup_datetime,Weekday,Hour,package_type,Distance,delivery_zone,Weather_Condition,Actual_Delivery_Time,Status
1,2025-02-25 03:10:31,Tuesday,3,Special,42.42,Industrial,Cloudy,123m 45s,Delayed
2,2025-03-02 19:18:23,Sunday,19,Large,41.58,Suburban,Sunny,239m 8s,Delayed
3,2025-02-28 18:18:39,Friday,18,Special,30.14,Industrial,Sunny,220m 43s,Delayed
4,2025-02-20 11:07:11,Thursday,11,Large,38.08,Shopping Center,Windy,253m 56s,Delayed
5,2025-03-10 03:13:45,Monday,3,Special,68.81,Industrial,Cloudy,120m 33s,On Time
6,2025-02-18 16:21:12,Tuesday,16,X-Large,81.27,Suburban,Rainy,370m 11s,Delayed
7,2025-05-03 20:12:27,Saturday,20,Special,21.51,Urban,Sunny,254m 55s,Delayed
8,2025-05-02 21:48:16,Friday,21,Large,74.2,Industrial,Sunny,110m 38s,On Time
9,2025-03-09 08:53:56,Sunday,8,Large,63.14,Suburban,Windy,70m 39s,On Time
10,2025-04-10 11:32:20,Thursday,11,Special,64.95,Industrial,Sunny,270m 44s,Delayed
11,2025-02-23 16:16:50,Sunday,16,X-Large,11.02,Shopping Center,Rainy,155m 7s,Delayed
12,2025-02-26 15:41:27,Wednesday,15,Large,35.39,Urban,Cloudy,55m 6s,On Time
13,2025-03-02 02:12:48,Sunday,2,Medium,96.45,Industrial,Sunny,162m 5s,Delayed
14,2025-04-13 15:11:02,Sunday,15,Medium,11.04,Suburban,Windy,20m 58s,On Time
15,2025-03-30 22:10:51,Sunday,22,Large,29.12,Shopping Center,Rainy,217m 48s,Delayed
16,2025-05-04 09:05:51,Sunday,9,X-Large,97.83,Shopping Center,Cloudy,506m 46s,Delayed
17,2025-04-24 21:35:14,Thursday,21,Large,36.2,Urban,Rainy,63m 40s,On Time
18,2025-05-04 21:59:09,Sunday,21,Medium,92.83,Shopping Center,Rainy,94m 35s,On Time
19,2025-03-07 04:05:16,Friday,4,X-Large,48.79,Shopping Center,Sunny,325m 34s,Delayed
20,2025-04-09 01:48:37,Wednesday,1,Small,36.95,Rural,Foggy,154m 51s,Delayed
21,2025-02-26 12:05:34,Wednesday,12,Medium,73.69,Suburban,Cloudy,102m 19s,On Time
22,2025-04-26 08:28:44,Saturday,8,Medium,15.16,Shopping Center,Cloudy,173m 54s,Delayed
23,2025-05-07 06:03:50,Wednesday,6,Large,74.71,Urban,Cloudy,99m 19s,On Time
24,2025-03-26 21:48:01,Wednesday,21,Small,81.76,Suburban,Cloudy,79m 12s,On Time
25,2025-04-22 00:20:01,Tuesday,0,Medium,8.16,Shopping Center,Sunny,30m 40s,On Time
26,2025-04-18 13:41:09,Friday,13,Large,20.24,Industrial,Sunny,37m 25s,On Time
27,2025-02-18 14:15:43,Tuesday,14,Large,4.05,Industrial,Rainy,107m 42s,On Time
28,2025-04-26 11:00:50,Saturday,11,Special,95.83,Shopping Center,Sunny,340m 19s,Delayed
29,2025-05-04 18:49:25,Sunday,18,X-Large,34.57,Industrial,Rainy,78m 27s,On Time
30,2025-04-03 15:39:20,Thursday,15,X-Large,18.16,Shopping Center,Cloudy,97m 16s,On Time
31,2025-04-25 10:29:17,Friday,10,X-Large,39.66,Industrial,Sunny,266m 39s,Delayed
32,2025-04-29 18:42:00,Tuesday,18,Medium,24.88,Rural,Foggy,54m 30s,On Time
33,2025-05-05 02:38:29,Monday,2,Small,14.36,Shopping Center,Cloudy,52m 32s,On Time
34,2025-03-08 05:13:47,Saturday,5,Small,68.08,Shopping Center,Sunny,84m 16s,On Time
35,2025-04-07 08:58:43,Monday,8,X-Large,37.58,Rural,Windy,432m 36s,Delayed
36,2025-05-06 21:35:43,Tuesday,21,Large,6.19,Industrial,Cloudy,82m 58s,On Time
37,2025-04-27 02:06:37,Sunday,2,Small,98.26,Urban,Sunny,58m 38s,On Time
38,2025-05-09 10:20:47,Friday,10,Large,84.86,Industrial,Sunny,216m 29s,Delayed
39,2025-03-22 19:02:36,Saturday,19,X-Large,9.02,Rural,Cloudy,204m 17s,Delayed
40,2025-03-31 15:21:36,Monday,15,Small,71.89,Suburban,Sunny,133m 48s,Delayed
41,2025-03-09 21:02:12,Sunday,21,Large,42.5,Shopping Center,Sunny,217m 30s,Delayed
42,2025-02-26 04:09:45,Wednesday,4,Medium,15.01,Urban,Sunny,30m 14s,On Time
43,2025-04-30 15:47:38,Wednesday,15,Large,18.05,Suburban,Cloudy,34m 59s,On Time
44,2025-05-12 14:49:07,Monday,14,Medium,59.82,Urban,Windy,140m 42s,Delayed
45,2025-02-19 01:25:13,Wednesday,1,Special,70.2,Industrial,Sunny,387m 43s,Delayed
46,2025-03-06 22:45:07,Thursday,22,Medium,43.3,Urban,Sunny,186m 9s,Delayed
47,2025-03-23 14:28:09,Sunday,14,Small,89.59,Urban,Sunny,133m 53s,Delayed
48,2025-03-22 06:39:40,Saturday,6,Medium,99.32,Urban,Cloudy,224m 48s,Delayed
49,2025-03-07 09:54:48,Friday,9,Small,4.42,Rural,Rainy,42m 56s,On Time
50,2025-03-18 14:09:13,Tuesday,14,Large,52.87,Urban,Sunny,108m 19s,On Time
51,2025-05-04 16:00:50,Sunday,16,Large,29.93,Shopping Center,Rainy,116m 13s,On Time
52,2025-02-22 17:15:28,Saturday,17,Small,50.5,Rural,Rainy,155m 16s,Delayed
53,2025-05-03 18:36:39,Saturday,18,Special,68.42,Suburban,Sunny,446m 17s,Delayed
54,2025-03-28 23:41:55,Friday,23,Small,18.65,Suburban,Sunny,29m 41s,On Time
55,2025-03-09 13:08:45,Sunday,13,X-Large,63.16,Rural,Snowy,678m 21s,Delayed
56,2025-05-13 14:35:16,Tuesday,14,X-Large,25.25,Urban,Cloudy,201m 4s,Delayed
57,2025-05-07 15:03:42,Wednesday,15,X-Large,54.05,Suburban,Sunny,178m 7s,Delayed
58,2025-04-03 04:24:33,Thursday,4,Small,8.46,Rural,Rainy,99m 46s,On Time
59,2025-03-05 05:52:30,Wednesday,5,Special,28.11,Rural,Sunny,222m 14s,Delayed
60,2025-04-23 23:49:18,Wednesday,23,X-Large,81.83,Urban,Cloudy,120m 16s,On Time
61,2025-03-19 11:50:19,Wednesday,11,Large,3.16,Rural,Windy,31m 43s,On Time
62,2025-05-12 04:29:11,Monday,4,Special,79.98,Urban,Sunny,169m 10s,Delayed
63,2025-02-22 18:08:28,Saturday,18,Large,20.31,Suburban,Rainy,90m 5s,On Time
64,2025-03-20 12:43:58,Thursday,12,Medium,81.95,Industrial,Sunny,153m 11s,Delayed
65,2025-04-22 06:12:01,Tuesday,6,Large,96.57,Rural,Sunny,418m 18s,Delayed
66,2025-04-14 04:43:00,Monday,4,X-Large,56.0,Suburban,Foggy,89m 45s,On Time
67,2025-03-31 18:45:56,Monday,18,Large,37.93,Rural,Rainy,474m 26s,Delayed
68,2025-04-20 20:24:30,Sunday,20,Medium,85.04,Rural,Cloudy,72m 15s,On Time
69,2025-04-27 18:40:33,Sunday,18,Medium,99.1,Suburban,Snowy,594m 50s,Delayed
70,2025-04-05 20:17:55,Saturday,20,Medium,71.71,Urban,Rainy,67m 56s,On Time
71,2025-02-19 11:11:13,Wednesday,11,X-Large,87.11,Suburban,Sunny,398m 45s,Delayed
72,2025-04-26 12:57:20,Saturday,12,Large,77.5,Rural,Snowy,370m 39s,Delayed
73,2025-02-26 14:20:40,Wednesday,14,Large,18.83,Rural,Cloudy,46m 8s,On Time
74,2025-03-05 07:40:14,Wednesday,7,Special,35.43,Shopping Center,Sunny,132m 44s,Delayed
75,2025-03-22 22:47:10,Saturday,22,X-Large,35.0,Urban,Cloudy,237m 25s,Delayed
76,2025-04-24 02:31:53,Thursday,2,Small,33.65,Urban,Sunny,36m 0s,On Time
77,2025-02-26 07:15:52,Wednesday,7,Medium,61.55,Suburban,Sunny,61m 47s,On Time
78,2025-03-17 11:09:18,Monday,11,Large,47.63,Suburban,Sunny,85m 28s,On Time
79,2025-05-14 13:53:40,Wednesday,13,Medium,27.67,Shopping Center,Cloudy,45m 58s,On Time
80,2025-04-04 17:52:48,Friday,17,Small,61.11,Rural,Rainy,113m 1s,On Time
81,2025-03-20 08:57:47,Thursday,8,Special,20.97,Rural,Sunny,231m 35s,Delayed
82,2025-03-08 13:25:29,Saturday,13,Special,62.63,Industrial,Sunny,289m 8s,Delayed
83,2025-04-07 05:05:25,Monday,5,Small,2.62,Suburban,Cloudy,45m 8s,On Time
84,2025-03-22 12:26:36,Saturday,12,Large,13.95,Rural,Cloudy,151m 41s,Delayed
85,2025-04-10 19:04:59,Thursday,19,Special,68.38,Rural,Sunny,706m 19s,Delayed
86,2025-03-28 08:00:20,Friday,8,X-Large,95.46,Shopping Center,Rainy,278m 46s,Delayed
87,2025-03-29 11:28:19,Saturday,11,Large,48.3,Urban,Sunny,126m 9s,Delayed
88,2025-02-15 05:10:34,Saturday,5,Medium,20.45,Industrial,Cloudy,94m 38s,On Time
89,2025-04-17 04:32:13,Thursday,4,X-Large,84.48,Shopping Center,Snowy,245m 54s,Delayed
90,2025-02-27 00:50:09,Thursday,0,Small,96.41,Suburban,Cloudy,204m 46s,Delayed
91,2025-03-15 18:40:05,Saturday,18,Large,75.35,Suburban,Windy,85m 19s,On Time
92,2025-04-20 11:41:34,Sunday,11,Large,86.52,Industrial,Rainy,273m 45s,Delayed
93,2025-03-08 04:28:42,Saturday,4,Small,47.78,Rural,Foggy,44m 34s,On Time
94,2025-04-23 08:11:31,Wednesday,8,Small,59.41,Industrial,Cloudy,47m 37s,On Time
95,2025-03-31 01:59:29,Monday,1,Large,30.38,Rural,Snowy,377m 53s,Delayed
96,2025-04-17 21:09:48,Thursday,21,Medium,38.72,Industrial,Sunny,127m 28s,Delayed
97,2025-04-28 01:49:58,Monday,1,X-Large,28.16,Urban,Sunny,170m 25s,Delayed
98,2025-03-23 11:16:17,Sunday,11,Medium,4.92,Industrial,Sunny,16m 30s,On Time
99,2025-04-19 08:20:48,Saturday,8,Special,11.24,Shopping Center,Sunny,179m 2s,Delayed
100,2025-03-10 02:05:13,Monday,2,Small,55.08,Urban,Cloudy,223m 57s,Delayed
101,2025-03-29 22:37:04,Saturday,22,X-Large,43.65,Suburban,Rainy,70m 6s,On Time
102,2025-04-10 05:05:00,Thursday,5,Small,83.21,Industrial,Rainy,60m 23s,On Time
103,2025-04-20 19:46:25,Sunday,19,Medium,44.46,Rural,Cloudy,250m 4s,Delayed
104,2025-04-07 20:15:11,Monday,20,Special,60.28,Suburban,Rainy,563m 13s,Delayed
105,2025-02-23 09:57:33,Sunday,9,Medium,24.56,Shopping Center,Sunny,48m 47s,On Time
106,2025-03-30 07:34:32,Sunday,7,Small,78.48,Urban,Foggy,65m 8s,On Time
107,2025-03-04 14:32:25,Tuesday,14,Medium,29.98,Industrial,Rainy,121m 40s,Delayed
108,2025-03-20 19:14:12,Thursday,19,Small,46.02,Shopping Center,Windy,65m 28s,On Time
109,2025-04-14 05:59:19,Monday,5,Medium,41.85,Shopping Center,Foggy,188m 28s,Delayed
110,2025-03-20 01:58:34,Thursday,1,Small,60.4,Industrial,Cloudy,61m 29s,On Time
111,2025-02-20 19:55:44,Thursday,19,Medium,79.05,Rural,Snowy,183m 16s,Delayed
112,2025-03-14 13:52:25,Friday,13,Special,28.71,Shopping Center,Sunny,247m 54s,Delayed
113,2025-05-06 16:31:58,Tuesday,16,Large,23.81,Shopping Center,Sunny,51m 30s,On Time
114,2025-03-04 01:56:43,Tuesday,1,Medium,12.0,Industrial,Cloudy,22m 27s,On Time
115,2025-03-22 19:23:07,Saturday,19,X-Large,64.19,Rural,Cloudy,139m 55s,Delayed
116,2025-02-24 09:50:12,Monday,9,Large,72.55,Rural,Windy,293m 3s,Delayed
117,2025-03-24 04:42:55,Monday,4,Small,59.6,Rural,Sunny,220m 39s,Delayed
118,2025-05-09 21:55:05,Friday,21,Small,63.38,Industrial,Windy,174m 19s,Delayed
119,2025-02-28 04:31:32,Friday,4,Medium,38.08,Suburban,Cloudy,77m 2s,On Time
120,2025-04-06 19:03:32,Sunday,19,Large,77.0,Shopping Center,Sunny,356m 21s,Delayed
121,2025-02-23 05:46:51,Sunday,5,Small,68.93,Rural,Sunny,171m 28s,Delayed
122,2025-05-13 07:51:04,Tuesday,7,Small,46.96,Urban,Sunny,139m 5s,Delayed
123,2025-03-21 07:22:20,Friday,7,Small,15.46,Urban,Sunny,88m 17s,On Time
124,2025-04-12 18:04:13,Saturday,18,Medium,69.51,Urban,Foggy,170m 27s,Delayed
125,2025-02-22 19:37:01,Saturday,19,Medium,38.19,Urban,Rainy,263m 40s,Delayed
126,2025-02-21 08:14:31,Friday,8,Medium,81.56,Urban,Sunny,211m 22s,Delayed
127,2025-03-16 18:32:18,Sunday,18,Medium,6.8,Urban,Sunny,39m 3s,On Time
128,2025-03-15 02:04:33,Saturday,2,X-Large,43.82,Industrial,Cloudy,55m 19s,On Time
129,2025-05-15 07:56:10,Thursday,7,Medium,55.79,Rural,Windy,75m 40s,On Time
130,2025-03-14 18:54:18,Friday,18,X-Large,2.54,Suburban,Cloudy,56m 30s,On Time
131,2025-03-28 16:19:59,Friday,16,Special,22.84,Shopping Center,Cloudy,180m 52s,Delayed
132,2025-02-20 18:05:15,Thursday,18,X-Large,3.26,Rural,Snowy,317m 40s,Delayed
133,2025-03-22 07:05:18,Saturday,7,Special,21.27,Suburban,Cloudy,72m 12s,On Time
134,2025-03-07 07:27:10,Friday,7,X-Large,95.92,Urban,Rainy,239m 46s,Delayed
135,2025-04-14 03:11:58,Monday,3,Large,74.43,Urban,Snowy,174m 4s,Delayed
136,2025-04-10 22:42:26,Thursday,22,Small,40.24,Shopping Center,Cloudy,75m 20s,On Time
137,2025-04-23 20:41:26,Wednesday,20,Small,83.94,Industrial,Cloudy,117m 45s,On Time
138,2025-04-01 22:46:37,Tuesday,22,Large,76.45,Urban,Windy,82m 2s,On Time
139,2025-04-23 23:29:59,Wednesday,23,Medium,69.29,Shopping Center,Cloudy,136m 38s,Delayed
140,2025-03-28 02:25:38,Friday,2,Special,46.2,Shopping Center,Rainy,169m 22s,Delayed
141,2025-03-18 08:53:38,Tuesday,8,Medium,5.67,Suburban,Sunny,51m 39s,On Time
142,2025-05-01 00:24:33,Thursday,0,Medium,88.8,Suburban,Snowy,109m 7s,On Time
143,2025-04-02 09:23:04,Wednesday,9,Medium,49.14,Urban,Sunny,64m 52s,On Time
144,2025-04-04 05:56:23,Friday,5,X-Large,95.51,Rural,Rainy,443m 1s,Delayed
145,2025-04-09 23:47:21,Wednesday,23,Large,77.45,Rural,Windy,241m 34s,Delayed
146,2025-03-27 22:02:46,Thursday,22,Small,49.27,Suburban,Windy,138m 50s,Delayed
147,2025-05-14 10:05:17,Wednesday,10,Small,5.8,Rural,Cloudy,51m 8s,On Time
148,2025-03-01 16:15:35,Saturday,16,X-Large,28.74,Urban,Sunny,148m 38s,Delayed
149,2025-04-04 23:16:13,Friday,23,Medium,16.81,Suburban,Cloudy,128m 25s,Delayed
150,2025-04-07 07:16:04,Monday,7,Special,1.56,Urban,Rainy,87m 44s,On Time
151,2025-04-17 08:36:35,Thursday,8,Medium,15.93,Rural,Rainy,117m 37s,On Time
152,2025-04-27 03:15:14,Sunday,3,X-Large,95.05,Rural,Sunny,496m 15s,Delayed
153,2025-02-16 00:47:35,Sunday,0,Large,3.21,Shopping Center,Sunny,30m 46s,On Time
154,2025-05-04 07:41:48,Sunday,7,Small,42.06,Suburban,Sunny,130m 27s,Delayed
155,2025-05-04 17:07:50,Sunday,17,Small,8.37,Industrial,Rainy,52m 23s,On Time
156,2025-05-09 08:36:58,Friday,8,Medium,89.13,Shopping Center,Foggy,199m 11s,Delayed
157,2025-03-06 00:58:38,Thursday,0,Small,37.52,Shopping Center,Cloudy,44m 6s,On Time
158,2025-03-22 22:22:33,Saturday,22,Special,53.52,Rural,Cloudy,447m 16s,Delayed
159,2025-03-30 09:12:57,Sunday,9,Medium,74.73,Rural,Foggy,81m 56s,On Time
160,2025-02-15 13:14:18,Saturday,13,Medium,31.85,Shopping Center,Sunny,41m 56s,On Time
161,2025-02-18 17:26:46,Tuesday,17,Special,29.86,Industrial,Sunny,201m 8s,Delayed
162,2025-02-17 09:11:43,Monday,9,Special,44.03,Rural,Sunny,165m 20s,Delayed
163,2025-04-04 05:26:27,Friday,5,Large,91.44,Suburban,Rainy,111m 24s,On Time
164,2025-04-04 19:31:59,Friday,19,Medium,96.77,Urban,Rainy,155m 55s,Delayed
165,2025-05-03 08:47:21,Saturday,8,Small,29.5,Industrial,Sunny,28m 13s,On Time
166,2025-04-13 18:40:58,Sunday,18,Large,25.17,Suburban,Sunny,189m 31s,Delayed
167,2025-03-28 11:18:48,Friday,11,Medium,18.07,Industrial,Sunny,28m 48s,On Time
168,2025-05-15 17:35:48,Thursday,17,Large,55.13,Urban,Cloudy,299m 15s,Delayed
169,2025-05-12 00:19:26,Monday,0,Large,20.71,Urban,Windy,201m 10s,Delayed
170,2025-03-12 16:21:32,Wednesday,16,Large,52.1,Shopping Center,Sunny,244m 7s,Delayed
171,2025-03-27 01:31:28,Thursday,1,Medium,69.57,Urban,Sunny,79m 22s,On Time
172,2025-04-19 11:36:58,Saturday,11,Small,84.85,Suburban,Snowy,317m 8s,Delayed
173,2025-03-10 06:23:59,Monday,6,Small,92.11,Urban,Cloudy,212m 51s,Delayed
174,2025-04-01 16:45:39,Tuesday,16,X-Large,94.38,Industrial,Rainy,154m 15s,Delayed
175,2025-03-03 19:06:25,Monday,19,Medium,87.73,Rural,Rainy,157m 32s,Delayed
176,2025-04-26 06:04:06,Saturday,6,Medium,98.27,Rural,Cloudy,292m 33s,Delayed
177,2025-05-02 13:36:57,Friday,13,Small,45.8,Rural,Cloudy,151m 23s,Delayed
178,2025-03-10 17:32:30,Monday,17,Large,24.12,Suburban,Snowy,111m 47s,On Time
179,2025-05-03 07:19:49,Saturday,7,Large,86.09,Industrial,Sunny,224m 14s,Delayed
180,2025-03-09 07:54:29,Sunday,7,Special,57.53,Rural,Cloudy,268m 36s,Delayed
181,2025-05-04 06:48:05,Sunday,6,Medium,48.08,Rural,Sunny,192m 14s,Delayed
182,2025-03-05 08:42:16,Wednesday,8,X-Large,32.75,Urban,Cloudy,187m 57s,Delayed
183,2025-02-17 23:46:46,Monday,23,Medium,73.83,Industrial,Cloudy,183m 54s,Delayed
184,2025-05-13 00:30:03,Tuesday,0,X-Large,56.82,Rural,Sunny,375m 32s,Delayed
185,2025-04-26 00:45:52,Saturday,0,Medium,78.19,Industrial,Cloudy,158m 9s,Delayed
186,2025-05-07 21:55:10,Wednesday,21,X-Large,79.97,Shopping Center,Sunny,462m 22s,Delayed
187,2025-04-20 13:34:13,Sunday,13,X-Large,1.86,Shopping Center,Windy,117m 54s,On Time
188,2025-02-21 22:39:26,Friday,22,Large,51.82,Shopping Center,Sunny,360m 8s,Delayed
189,2025-04-06 13:27:04,Sunday,13,Medium,66.9,Shopping Center,Rainy,136m 41s,Delayed
190,2025-04-15 22:15:43,Tuesday,22,Large,40.37,Urban,Rainy,75m 58s,On Time
191,2025-04-29 09:04:18,Tuesday,9,Small,87.18,Industrial,Sunny,70m 36s,On Time
192,2025-04-10 02:27:51,Thursday,2,Small,84.85,Urban,Sunny,81m 30s,On Time
193,2025-05-01 05:37:07,Thursday,5,Large,87.7,Suburban,Snowy,135m 13s,Delayed
194,2025-04-22 19:30:10,Tuesday,19,Medium,2.42,Industrial,Rainy,80m 25s,On Time
195,2025-04-18 21:54:15,Friday,21,Medium,46.31,Rural,Cloudy,134m 9s,Delayed
196,2025-04-07 15:33:05,Monday,15,Large,5.98,Industrial,Rainy,33m 48s,On Time
197,2025-05-07 09:16:08,Wednesday,9,X-Large,74.43,Industrial,Cloudy,110m 0s,On Time
198,2025-04-13 02:31:57,Sunday,2,Small,43.14,Shopping Center,Rainy,146m 11s,Delayed
199,2025-03-12 23:40:31,Wednesday,23,Small,89.0,Urban,Sunny,145m 43s,Delayed
200,2025-04-22 22:40:47,Tuesday,22,Small,69.29,Urban,Sunny,177m 36s,Delayed
201,2025-03-20 03:56:35,Thursday,3,Medium,81.1,Suburban,Snowy,102m 28s,On Time
202,2025-05-03 06:31:24,Saturday,6,X-Large,14.91,Suburban,Sunny,86m 36s,On Time
203,2025-03-02 13:40:59,Sunday,13,Medium,50.13,Industrial,Sunny,34m 4s,On Time
204,2025-04-01 05:39:39,Tuesday,5,Large,89.97,Industrial,Snowy,313m 23s,Delayed
205,2025-02-28 03:07:29,Friday,3,Large,35.14,Rural,Cloudy,71m 23s,On Time
206,2025-03-20 23:45:24,Thursday,23,Large,86.74,Urban,Sunny,257m 19s,Delayed
207,2025-03-31 09:37:55,Monday,9,Small,84.92,Suburban,Cloudy,90m 43s,On Time
208,2025-04-15 14:03:13,Tuesday,14,Special,85.58,Shopping Center,Sunny,537m 10s,Delayed
209,2025-03-09 04:37:46,Sunday,4,Small,55.98,Shopping Center,Cloudy,100m 7s,On Time
210,2025-05-06 06:05:23,Tuesday,6,Small,4.54,Urban,Cloudy,39m 6s,On Time
211,2025-05-12 03:16:17,Monday,3,X-Large,29.34,Urban,Windy,104m 18s,On Time
212,2025-02-23 02:54:57,Sunday,2,Small,3.63,Urban,Sunny,50m 22s,On Time
213,2025-04-03 02:36:05,Thursday,2,X-Large,41.62,Shopping Center,Rainy,425m 20s,Delayed
214,2025-02-21 23:29:02,Friday,23,Small,32.31,Rural,Windy,44m 48s,On Time
215,2025-02-20 17:14:46,Thursday,17,Special,86.98,Shopping Center,Snowy,680m 23s,Delayed
216,2025-03-30 06:33:20,Sunday,6,Special,64.54,Industrial,Foggy,82m 39s,On Time
217,2025-03-28 01:31:31,Friday,1,Small,87.97,Rural,Rainy,375m 48s,Delayed
218,2025-05-15 18:45:47,Thursday,18,X-Large,34.34,Urban,Cloudy,262m 51s,Delayed
219,2025-02-28 16:41:34,Friday,16,Small,59.66,Industrial,Sunny,41m 58s,On Time
220,2025-04-06 16:40:06,Sunday,16,Large,94.8,Suburban,Cloudy,300m 3s,Delayed
221,2025-05-04 15:24:07,Sunday,15,Medium,37.75,Urban,Rainy,129m 7s,Delayed
222,2025-02-26 15:24:29,Wednesday,15,X-Large,10.78,Urban,Cloudy,136m 41s,Delayed
223,2025-04-09 09:48:11,Wednesday,9,Medium,95.66,Shopping Center,Foggy,243m 51s,Delayed
224,2025-03-25 13:23:19,Tuesday,13,Medium,90.8,Industrial,Windy,55m 25s,On Time
225,2025-04-23 14:09:56,Wednesday,14,Small,28.6,Urban,Cloudy,33m 19s,On Time
226,2025-03-24 04:30:25,Monday,4,Special,16.19,Suburban,Sunny,64m 25s,On Time
227,2025-04-04 14:01:01,Friday,14,Large,81.1,Urban,Windy,166m 45s,Delayed
228,2025-03-22 01:26:43,Saturday,1,Small,70.4,Rural,Cloudy,134m 4s,Delayed
229,2025-03-24 09:48:57,Monday,9,X-Large,23.48,Suburban,Sunny,183m 4s,Delayed
230,2025-03-15 18:46:43,Saturday,18,X-Large,71.53,Industrial,Windy,205m 26s,Delayed
231,2025-03-12 18:56:07,Wednesday,18,Medium,1.79,Industrial,Cloudy,56m 55s,On Time
232,2025-02-15 20:16:02,Saturday,20,Small,38.95,Shopping Center,Rainy,168m 9s,Delayed
233,2025-04-01 03:55:58,Tuesday,3,Medium,46.76,Suburban,Cloudy,105m 34s,On Time
234,2025-05-15 12:33:13,Thursday,12,Large,77.3,Urban,Windy,134m 1s,Delayed
235,2025-05-11 03:52:34,Sunday,3,Medium,39.46,Rural,Sunny,158m 1s,Delayed
236,2025-02-27 17:43:13,Thursday,17,X-Large,8.02,Industrial,Cloudy,171m 26s,Delayed
237,2025-04-29 02:57:40,Tuesday,2,Medium,13.84,Shopping Center,Windy,56m 36s,On Time
238,2025-04-26 11:03:01,Saturday,11,Small,5.7,Suburban,Sunny,20m 38s,On Time
239,2025-04-18 03:38:49,Friday,3,Medium,59.71,Urban,Sunny,67m 11s,On Time
240,2025-04-17 13:59:27,Thursday,13,Special,28.11,Industrial,Cloudy,246m 10s,Delayed
241,2025-04-09 04:10:28,Wednesday,4,Special,70.05,Shopping Center,Foggy,406m 18s,Delayed
242,2025-04-29 12:33:12,Tuesday,12,Medium,99.25,Suburban,Windy,65m 38s,On Time
243,2025-03-27 17:49:10,Thursday,17,Large,35.36,Shopping Center,Windy,189m 43s,Delayed
244,2025-02-18 09:18:54,Tuesday,9,Small,72.09,Suburban,Rainy,185m 33s,Delayed
245,2025-04-11 22:11:28,Friday,22,Medium,39.46,Shopping Center,Sunny,248m 14s,Delayed
246,2025-04-18 01:00:40,Friday,1,Medium,27.09,Shopping Center,Cloudy,96m 31s,On Time
247,2025-03-25 06:50:49,Tuesday,6,Large,51.54,Urban,Sunny,90m 0s,On Time
248,2025-04-16 09:26:21,Wednesday,9,Medium,1.17,Suburban,Foggy,83m 47s,On Time
249,2025-03-17 07:54:49,Monday,7,Special,62.01,Shopping Center,Windy,217m 19s,Delayed
250,2025-04-21 11:36:45,Monday,11,Medium,42.97,Industrial,Cloudy,73m 2s,On Time
251,2025-04-15 11:46:29,Tuesday,11,Medium,69.91,Rural,Rainy,238m 27s,Delayed
252,2025-04-27 02:27:28,Sunday,2,Small,45.33,Rural,Sunny,155m 3s,Delayed
253,2025-05-08 06:00:25,Thursday,6,Large,48.72,Suburban,Rainy,143m 36s,Delayed
254,2025-03-16 10:19:54,Sunday,10,Large,60.68,Industrial,Rainy,162m 41s,Delayed
255,2025-03-23 12:42:12,Sunday,12,Small,77.47,Urban,Sunny,198m 39s,Delayed
256,2025-05-09 20:55:31,Friday,20,Medium,71.42,Urban,Windy,258m 3s,Delayed
257,2025-04-18 12:35:52,Friday,12,Small,93.66,Urban,Sunny,214m 18s,Delayed
258,2025-02-20 06:58:02,Thursday,6,Small,68.89,Industrial,Windy,38m 17s,On Time
259,2025-03-17 06:14:54,Monday,6,Large,43.83,Shopping Center,Rainy,98m 22s,On Time
260,2025-03-15 01:21:35,Saturday,1,Large,22.8,Suburban,Sunny,53m 26s,On Time
261,2025-04-06 07:25:26,Sunday,7,Special,5.11,Shopping Center,Cloudy,73m 16s,On Time
262,2025-02-23 02:46:43,Sunday,2,Small,70.15,Suburban,Sunny,114m 27s,On Time
263,2025-02-16 08:43:49,Sunday,8,Large,86.01,Urban,Rainy,208m 7s,Delayed
264,2025-04-27 15:09:33,Sunday,15,Medium,82.66,Industrial,Rainy,117m 1s,On Time
265,2025-05-05 22:20:31,Monday,22,Large,3.51,Industrial,Cloudy,111m 37s,On Time
266,2025-04-10 23:56:58,Thursday,23,Small,81.25,Suburban,Cloudy,199m 30s,Delayed
267,2025-03-19 12:28:31,Wednesday,12,Large,52.1,Rural,Windy,158m 17s,Delayed
268,2025-04-12 02:52:44,Saturday,2,Special,99.49,Rural,Cloudy,673m 9s,Delayed
269,2025-05-10 00:58:57,Saturday,0,Medium,16.7,Rural,Snowy,82m 3s,On Time
270,2025-05-02 09:44:11,Friday,9,Large,8.05,Industrial,Cloudy,67m 42s,On Time
271,2025-03-10 20:43:08,Monday,20,Medium,45.94,Shopping Center,Windy,229m 38s,Delayed
272,2025-03-05 08:48:35,Wednesday,8,Small,32.13,Industrial,Cloudy,92m 10s,On Time
273,2025-04-27 02:17:29,Sunday,2,Small,77.49,Shopping Center,Sunny,57m 57s,On Time
274,2025-04-17 17:56:18,Thursday,17,X-Large,39.27,Shopping Center,Windy,120m 22s,On Time
275,2025-02-21 15:28:53,Friday,15,X-Large,87.75,Industrial,Windy,432m 51s,Delayed
276,2025-03-16 04:11:04,Sunday,4,Large,36.75,Industrial,Sunny,38m 36s,On Time
277,2025-04-17 17:24:19,Thursday,17,Small,15.45,Shopping Center,Windy,96m 9s,On Time
278,2025-04-26 04:53:15,Saturday,4,Small,72.45,Industrial,Cloudy,48m 18s,On Time
279,2025-03-27 04:34:07,Thursday,4,Small,53.32,Industrial,Cloudy,34m 19s,On Time
280,2025-03-17 18:59:41,Monday,18,Small,62.65,Suburban,Sunny,163m 14s,Delayed
281,2025-02-28 02:34:25,Friday,2,Small,55.39,Urban,Cloudy,56m 10s,On Time
282,2025-03-29 23:39:12,Saturday,23,Special,38.62,Rural,Rainy,132m 3s,Delayed
283,2025-04-29 07:45:26,Tuesday,7,Large,88.94,Industrial,Sunny,88m 45s,On Time
284,2025-03-12 01:52:10,Wednesday,1,X-Large,29.99,Suburban,Snowy,211m 3s,Delayed
285,2025-03-10 20:19:22,Monday,20,X-Large,67.36,Suburban,Windy,351m 22s,Delayed
286,2025-03-27 08:38:59,Thursday,8,Small,32.86,Industrial,Sunny,32m 55s,On Time
287,2025-03-01 08:22:03,Saturday,8,X-Large,84.66,Suburban,Sunny,349m 3s,Delayed
288,2025-03-03 13:59:19,Monday,13,Medium,15.78,Industrial,Rainy,117m 15s,On Time
289,2025-04-06 15:25:59,Sunday,15,Large,38.64,Shopping Center,Rainy,145m 54s,Delayed
290,2025-02-26 09:35:44,Wednesday,9,X-Large,61.74,Industrial,Sunny,293m 49s,Delayed
291,2025-05-11 01:07:31,Sunday,1,Large,73.83,Rural,Cloudy,184m 40s,Delayed
292,2025-03-16 09:46:15,Sunday,9,Medium,8.55,Industrial,Rainy,27m 55s,On Time
293,2025-03-30 08:08:06,Sunday,8,Large,68.52,Industrial,Foggy,66m 58s,On Time
294,2025-04-25 03:14:34,Friday,3,Large,50.12,Suburban,Rainy,75m 42s,On Time
295,2025-03-31 21:28:03,Monday,21,X-Large,33.04,Rural,Cloudy,369m 44s,Delayed
296,2025-02-24 18:56:14,Monday,18,Medium,25.82,Shopping Center,Foggy,121m 52s,Delayed
297,2025-04-04 03:22:59,Friday,3,Small,99.68,Shopping Center,Rainy,110m 37s,On Time
298,2025-03-05 08:57:15,Wednesday,8,Small,15.58,Industrial,Cloudy,67m 18s,On Time
299,2025-05-12 13:58:25,Monday,13,Medium,54.62,Shopping Center,Windy,297m 8s,Delayed
300,2025-05-02 09:35:20,Friday,9,Large,89.37,Urban,Cloudy,149m 37s,Delayed
301,2025-03-09 12:05:33,Sunday,12,Medium,39.73,Shopping Center,Snowy,336m 18s,Delayed
302,2025-04-11 03:54:13,Friday,3,Medium,84.31,Shopping Center,Foggy,98m 13s,On Time
303,2025-04-21 04:07:40,Monday,4,Medium,91.15,Rural,Sunny,385m 20s,Delayed
304,2025-03-27 10:29:40,Thursday,10,Large,25.42,Rural,Sunny,147m 29s,Delayed
305,2025-05-10 23:07:12,Saturday,23,X-Large,22.69,Urban,Windy,60m 8s,On Time
306,2025-02-27 23:40:13,Thursday,23,Small,31.21,Industrial,Windy,57m 46s,On Time
307,2025-03-12 11:25:43,Wednesday,11,X-Large,25.1,Suburban,Sunny,167m 25s,Delayed
308,2025-04-11 22:16:36,Friday,22,X-Large,82.09,Rural,Sunny,149m 15s,Delayed
309,2025-04-25 04:48:25,Friday,4,Small,42.87,Shopping Center,Rainy,133m 46s,Delayed
310,2025-05-07 00:20:57,Wednesday,0,Medium,59.25,Rural,Sunny,60m 22s,On Time
311,2025-03-05 11:12:39,Wednesday,11,Small,51.31,Urban,Cloudy,106m 10s,On Time
312,2025-02-21 07:02:48,Friday,7,Special,81.21,Urban,Sunny,379m 22s,Delayed
313,2025-03-04 16:49:39,Tuesday,16,Large,80.52,Suburban,Rainy,116m 30s,On Time
314,2025-04-26 08:09:38,Saturday,8,Small,81.75,Shopping Center,Cloudy,182m 49s,Delayed
315,2025-03-05 15:46:23,Wednesday,15,Medium,61.83,Urban,Windy,228m 51s,Delayed
316,2025-04-14 09:36:29,Monday,9,Medium,14.04,Shopping Center,Cloudy,56m 43s,On Time
317,2025-02-27 20:01:38,Thursday,20,Large,62.82,Rural,Sunny,78m 15s,On Time
318,2025-04-27 05:28:51,Sunday,5,Large,18.42,Urban,Foggy,36m 14s,On Time
319,2025-05-10 21:07:26,Saturday,21,Medium,50.32,Shopping Center,Rainy,205m 3s,Delayed
320,2025-02-22 15:23:25,Saturday,15,Large,19.66,Rural,Rainy,192m 35s,Delayed
321,2025-03-14 14:23:09,Friday,14,Medium,13.48,Shopping Center,Sunny,41m 6s,On Time
322,2025-04-04 18:44:51,Friday,18,Medium,18.87,Urban,Rainy,231m 50s,Delayed
323,2025-02-24 00:15:56,Monday,0,X-Large,78.47,Industrial,Cloudy,168m 6s,Delayed
324,2025-03-20 16:55:38,Thursday,16,X-Large,46.58,Suburban,Windy,74m 40s,On Time
325,2025-04-12 06:54:17,Saturday,6,Medium,30.59,Rural,Snowy,275m 19s,Delayed
326,2025-05-12 07:40:47,Monday,7,X-Large,53.77,Industrial,Windy,410m 3s,Delayed
327,2025-04-16 17:58:47,Wednesday,17,Large,57.61,Suburban,Windy,79m 53s,On Time
328,2025-04-21 18:37:55,Monday,18,X-Large,27.62,Shopping Center,Sunny,490m 7s,Delayed
329,2025-04-14 01:10:00,Monday,1,Medium,61.08,Shopping Center,Snowy,143m 5s,Delayed
330,2025-05-02 22:59:20,Friday,22,Small,15.75,Suburban,Sunny,88m 57s,On Time
331,2025-04-05 15:10:20,Saturday,15,Medium,34.07,Industrial,Rainy,33m 23s,On Time
332,2025-05-12 05:35:12,Monday,5,Large,9.66,Rural,Sunny,44m 8s,On Time
333,2025-03-05 02:16:34,Wednesday,2,Large,47.81,Rural,Cloudy,69m 52s,On Time
334,2025-04-29 05:12:52,Tuesday,5,Large,1.15,Industrial,Sunny,59m 49s,On Time
335,2025-03-03 01:32:48,Monday,1,Special,30.93,Shopping Center,Rainy,399m 8s,Delayed
336,2025-02-15 09:05:55,Saturday,9,X-Large,80.27,Industrial,Sunny,99m 12s,On Time
337,2025-03-14 01:53:54,Friday,1,Medium,14.4,Suburban,Sunny,119m 34s,On Time
338,2025-05-08 05:58:33,Thursday,5,Medium,47.62,Rural,Rainy,63m 44s,On Time
339,2025-05-04 23:53:24,Sunday,23,Special,39.25,Shopping Center,Snowy,696m 16s,Delayed
340,2025-03-25 02:48:27,Tuesday,2,Medium,64.9,Rural,Rainy,130m 50s,Delayed
341,2025-03-22 05:21:47,Saturday,5,Medium,49.73,Suburban,Rainy,45m 13s,On Time
342,2025-04-08 22:33:43,Tuesday,22,Medium,55.36,Industrial,Sunny,108m 34s,On Time
343,2025-04-17 23:45:35,Thursday,23,X-Large,81.34,Urban,Sunny,114m 4s,On Time
344,2025-03-28 04:18:47,Friday,4,Medium,84.22,Shopping Center,Rainy,117m 46s,On Time
345,2025-04-22 07:50:50,Tuesday,7,Large,78.0,Suburban,Sunny,308m 54s,Delayed
346,2025-05-05 11:12:24,Monday,11,X-Large,62.45,Rural,Sunny,275m 51s,Delayed
347,2025-04-18 03:42:48,Friday,3,Small,91.39,Urban,Sunny,296m 57s,Delayed
348,2025-03-30 08:55:00,Sunday,8,Small,96.22,Suburban,Foggy,236m 5s,Delayed
349,2025-02-28 18:20:21,Friday,18,Large,39.15,Suburban,Sunny,77m 15s,On Time
350,2025-04-06 02:52:01,Sunday,2,Large,68.18,Shopping Center,Cloudy,291m 32s,Delayed
351,2025-04-15 15:57:05,Tuesday,15,Small,89.08,Industrial,Cloudy,59m 4s,On Time
352,2025-03-16 02:57:39,Sunday,2,X-Large,66.3,Suburban,Sunny,210m 46s,Delayed
353,2025-02-28 21:14:32,Friday,21,Special,81.11,Rural,Sunny,185m 1s,Delayed
354,2025-03-04 08:33:12,Tuesday,8,Medium,17.23,Rural,Rainy,119m 50s,On Time
355,2025-03-06 07:43:20,Thursday,7,Small,37.35,Industrial,Sunny,65m 2s,On Time
356,2025-03-17 06:59:59,Monday,6,Special,91.97,Rural,Rainy,307m 21s,Delayed
357,2025-05-01 12:25:16,Thursday,12,Special,39.6,Suburban,Cloudy,199m 54s,Delayed
358,2025-04-10 19:12:50,Thursday,19,Large,60.95,Shopping Center,Sunny,366m 23s,Delayed
359,2025-04-09 09:21:24,Wednesday,9,Large,50.52,Suburban,Foggy,151m 38s,Delayed
360,2025-04-02 10:53:39,Wednesday,10,Large,94.33,Shopping Center,Sunny,437m 58s,Delayed
361,2025-03-27 04:57:09,Thursday,4,Small,90.69,Urban,Cloudy,81m 16s,On Time
362,2025-02-16 00:50:44,Sunday,0,Large,50.23,Rural,Sunny,61m 34s,On Time
363,2025-03-19 12:26:20,Wednesday,12,Large,93.65,Urban,Windy,157m 13s,Delayed
364,2025-03-13 00:55:43,Thursday,0,Medium,13.67,Industrial,Sunny,39m 22s,On Time
365,2025-02-21 01:24:38,Friday,1,Large,3.04,Urban,Cloudy,92m 50s,On Time
366,2025-03-25 08:57:07,Tuesday,8,X-Large,49.24,Rural,Sunny,469m 4s,Delayed
367,2025-03-07 17:32:43,Friday,17,Large,26.33,Rural,Sunny,334m 34s,Delayed
368,2025-04-02 14:55:25,Wednesday,14,Large,20.83,Shopping Center,Windy,168m 55s,Delayed
369,2025-03-17 18:47:34,Monday,18,Special,91.69,Urban,Sunny,612m 42s,Delayed
370,2025-04-23 14:38:31,Wednesday,14,Small,67.6,Suburban,Cloudy,44m 8s,On Time
371,2025-04-20 20:28:36,Sunday,20,X-Large,66.1,Rural,Cloudy,186m 35s,Delayed
372,2025-04-05 04:34:12,Saturday,4,Large,24.73,Rural,Snowy,235m 19s,Delayed
373,2025-04-27 09:10:30,Sunday,9,Small,41.36,Industrial,Rainy,118m 35s,On Time
374,2025-02-26 12:48:31,Wednesday,12,Small,32.45,Suburban,Cloudy,49m 4s,On Time
375,2025-04-19 19:00:36,Saturday,19,Special,80.61,Urban,Cloudy,223m 14s,Delayed
376,2025-04-09 20:30:46,Wednesday,20,X-Large,91.84,Urban,Windy,447m 45s,Delayed
377,2025-04-06 03:19:11,Sunday,3,Medium,5.9,Rural,Cloudy,25m 35s,On Time
378,2025-02-15 11:36:35,Saturday,11,Medium,26.52,Urban,Sunny,53m 15s,On Time
379,2025-03-21 05:37:02,Friday,5,Small,13.45,Suburban,Sunny,24m 27s,On Time
380,2025-04-15 10:55:18,Tuesday,10,Small,7.21,Industrial,Rainy,26m 1s,On Time
381,2025-02-25 21:22:29,Tuesday,21,Small,34.27,Suburban,Rainy,48m 35s,On Time
382,2025-03-22 13:17:59,Saturday,13,Special,66.12,Suburban,Cloudy,245m 56s,Delayed
383,2025-04-04 00:15:02,Friday,0,Small,29.83,Shopping Center,Windy,45m 14s,On Time
384,2025-03-19 23:11:56,Wednesday,23,X-Large,14.09,Shopping Center,Sunny,227m 17s,Delayed
385,2025-03-07 01:34:47,Friday,1,Special,11.89,Rural,Sunny,77m 2s,On Time
386,2025-04-10 16:09:46,Thursday,16,Medium,89.77,Suburban,Sunny,64m 49s,On Time
387,2025-04-06 03:45:25,Sunday,3,X-Large,93.46,Shopping Center,Cloudy,554m 26s,Delayed
388,2025-04-08 23:41:49,Tuesday,23,Special,33.35,Suburban,Cloudy,297m 34s,Delayed
389,2025-02-15 09:33:14,Saturday,9,X-Large,29.37,Industrial,Sunny,194m 13s,Delayed
390,2025-03-02 04:59:24,Sunday,4,Medium,43.7,Urban,Cloudy,160m 17s,Delayed
391,2025-04-06 15:57:45,Sunday,15,Special,78.53,Shopping Center,Rainy,175m 26s,Delayed
392,2025-03-11 20:37:58,Tuesday,20,Special,62.22,Rural,Snowy,933m 22s,Delayed
393,2025-05-08 04:42:32,Thursday,4,Large,36.2,Rural,Sunny,128m 50s,Delayed
394,2025-03-31 11:38:53,Monday,11,Large,55.23,Rural,Sunny,142m 30s,Delayed
395,2025-02-19 06:13:12,Wednesday,6,Small,63.91,Shopping Center,Cloudy,112m 7s,On Time
396,2025-03-05 04:15:41,Wednesday,4,X-Large,48.42,Industrial,Sunny,96m 18s,On Time
397,2025-04-09 06:16:56,Wednesday,6,Small,4.07,Shopping Center,Foggy,30m 7s,On Time
398,2025-05-14 16:52:30,Wednesday,16,Large,47.49,Industrial,Windy,84m 47s,On Time
399,2025-02-18 06:42:16,Tuesday,6,Small,61.2,Suburban,Windy,39m 28s,On Time
400,2025-05-05 12:47:18,Monday,12,Small,96.02,Suburban,Sunny,256m 21s,Delayed
401,2025-03-28 23:33:33,Friday,23,Medium,48.71,Shopping Center,Sunny,278m 4s,Delayed
402,2025-03-16 08:44:45,Sunday,8,Medium,8.37,Suburban,Rainy,63m 13s,On Time
403,2025-03-12 16:09:45,Wednesday,16,Small,87.0,Urban,Sunny,59m 45s,On Time
404,2025-04-19 18:46:43,Saturday,18,Large,79.67,Shopping Center,Cloudy,214m 31s,Delayed
405,2025-03-27 21:41:41,Thursday,21,Medium,45.43,Industrial,Windy,134m 13s,Delayed
406,2025-04-04 09:30:30,Friday,9,Small,71.73,Rural,Windy,88m 35s,On Time
407,2025-04-19 11:12:05,Saturday,11,Large,30.59,Industrial,Snowy,238m 15s,Delayed
408,2025-05-10 02:20:14,Saturday,2,Medium,79.14,Shopping Center,Snowy,409m 24s,Delayed
409,2025-05-02 17:01:16,Friday,17,X-Large,64.31,Rural,Rainy,213m 27s,Delayed
410,2025-03-08 02:57:47,Saturday,2,Medium,77.75,Rural,Sunny,114m 2s,On Time
411,2025-04-26 04:56:00,Saturday,4,Medium,24.47,Industrial,Cloudy,36m 24s,On Time
412,2025-03-27 09:27:53,Thursday,9,Small,44.44,Urban,Sunny,51m 7s,On Time
413,2025-04-20 01:02:01,Sunday,1,Small,40.45,Suburban,Cloudy,81m 26s,On Time
414,2025-04-18 22:25:42,Friday,22,X-Large,81.52,Suburban,Rainy,364m 36s,Delayed
415,2025-02-28 05:13:13,Friday,5,Small,78.87,Suburban,Sunny,162m 54s,Delayed
416,2025-03-10 01:12:20,Monday,1,Medium,12.94,Industrial,Cloudy,109m 49s,On Time
417,2025-04-30 04:22:58,Wednesday,4,Medium,32.01,Industrial,Windy,99m 47s,On Time
418,2025-03-07 11:23:51,Friday,11,X-Large,14.56,Urban,Cloudy,179m 50s,Delayed
419,2025-02-22 11:36:29,Saturday,11,Medium,12.96,Rural,Rainy,87m 43s,On Time
420,2025-03-09 07:16:41,Sunday,7,X-Large,58.36,Urban,Cloudy,333m 38s,Delayed
421,2025-03-11 23:07:10,Tuesday,23,Small,68.5,Suburban,Sunny,42m 23s,On Time
422,2025-04-19 02:23:09,Saturday,2,Small,41.76,Rural,Cloudy,59m 31s,On Time
423,2025-05-04 07:39:17,Sunday,7,X-Large,93.01,Shopping Center,Sunny,171m 1s,Delayed
424,2025-04-25 23:00:19,Friday,23,Medium,56.64,Rural,Sunny,140m 28s,Delayed
425,2025-04-26 07:28:58,Saturday,7,X-Large,60.58,Industrial,Cloudy,86m 45s,On Time
426,2025-05-08 07:33:52,Thursday,7,X-Large,90.4,Suburban,Rainy,159m 37s,Delayed
427,2025-03-21 03:33:36,Friday,3,Medium,57.86,Industrial,Sunny,115m 1s,On Time
428,2025-03-19 18:39:45,Wednesday,18,Medium,55.95,Industrial,Sunny,79m 4s,On Time
429,2025-03-09 18:00:36,Sunday,18,Special,92.12,Urban,Cloudy,205m 46s,Delayed
430,2025-04-25 17:06:55,Friday,17,Special,9.97,Shopping Center,Cloudy,387m 8s,Delayed
431,2025-04-28 21:45:42,Monday,21,Medium,40.4,Urban,Rainy,64m 36s,On Time
432,2025-04-03 03:31:15,Thursday,3,Small,69.68,Industrial,Rainy,46m 17s,On Time
433,2025-04-15 03:39:55,Tuesday,3,Special,54.86,Shopping Center,Rainy,155m 9s,Delayed
434,2025-04-15 05:43:03,Tuesday,5,Medium,4.96,Suburban,Cloudy,85m 35s,On Time
435,2025-03-21 06:13:04,Friday,6,Medium,74.23,Shopping Center,Sunny,178m 19s,Delayed
436,2025-04-16 06:59:34,Wednesday,6,Large,66.41,Industrial,Foggy,224m 26s,Delayed
437,2025-04-18 08:54:17,Friday,8,Small,83.06,Suburban,Sunny,300m 55s,Delayed
438,2025-02-25 11:43:58,Tuesday,11,Large,8.09,Urban,Snowy,59m 4s,On Time
439,2025-03-10 00:45:01,Monday,0,Small,69.46,Urban,Cloudy,64m 41s,On Time
440,2025-03-28 17:52:29,Friday,17,Large,38.11,Shopping Center,Cloudy,238m 23s,Delayed
441,2025-02-22 05:26:28,Saturday,5,Medium,99.65,Suburban,Snowy,309m 41s,Delayed
442,2025-03-18 04:23:00,Tuesday,4,Large,75.83,Rural,Sunny,103m 37s,On Time
443,2025-04-28 21:02:48,Monday,21,Small,43.89,Suburban,Rainy,137m 16s,Delayed
444,2025-03-14 14:03:33,Friday,14,X-Large,44.78,Urban,Sunny,325m 19s,Delayed
445,2025-03-30 22:45:49,Sunday,22,Special,16.43,Urban,Rainy,69m 54s,On Time
446,2025-05-15 06:30:12,Thursday,6,Medium,39.08,Industrial,Cloudy,99m 16s,On Time
447,2025-04-19 04:50:51,Saturday,4,Small,42.05,Shopping Center,Sunny,40m 6s,On Time
448,2025-03-24 10:25:28,Monday,10,Large,69.68,Suburban,Sunny,108m 40s,On Time
449,2025-04-02 02:41:39,Wednesday,2,Small,25.83,Industrial,Cloudy,46m 43s,On Time
450,2025-03-01 05:15:11,Saturday,5,Medium,43.13,Suburban,Sunny,137m 11s,Delayed
451,2025-03-16 01:07:55,Sunday,1,Special,78.98,Urban,Snowy,693m 3s,Delayed
452,2025-02-27 12:56:46,Thursday,12,X-Large,71.46,Suburban,Windy,136m 50s,Delayed
453,2025-04-10 02:12:01,Thursday,2,Medium,4.58,Rural,Sunny,87m 53s,On Time
454,2025-03-31 15:13:06,Monday,15,Medium,19.59,Suburban,Sunny,127m 53s,Delayed
455,2025-03-22 12:56:49,Saturday,12,Small,60.25,Suburban,Cloudy,134m 56s,Delayed
456,2025-02-26 04:42:24,Wednesday,4,Medium,63.29,Shopping Center,Sunny,67m 43s,On Time
457,2025-02-15 09:13:50,Saturday,9,Medium,53.33,Urban,Sunny,61m 12s,On Time
458,2025-03-16 12:22:30,Sunday,12,X-Large,63.85,Industrial,Foggy,65m 40s,On Time
459,2025-03-07 05:28:24,Friday,5,Medium,90.95,Industrial,Windy,66m 35s,On Time
460,2025-03-24 23:10:32,Monday,23,Medium,65.73,Shopping Center,Cloudy,257m 46s,Delayed
461,2025-04-19 11:27:19,Saturday,11,Large,40.01,Industrial,Snowy,245m 44s,Delayed
462,2025-04-08 18:24:33,Tuesday,18,Special,92.23,Suburban,Sunny,533m 23s,Delayed
463,2025-02-27 11:32:21,Thursday,11,X-Large,54.92,Rural,Windy,335m 45s,Delayed
464,2025-04-05 03:35:25,Saturday,3,Medium,15.96,Industrial,Snowy,73m 12s,On Time
465,2025-02-21 10:14:54,Friday,10,Small,28.87,Rural,Sunny,103m 18s,On Time
466,2025-05-12 11:37:59,Monday,11,Medium,32.44,Urban,Windy,71m 32s,On Time
467,2025-03-23 14:33:44,Sunday,14,Small,21.44,Suburban,Sunny,45m 12s,On Time
468,2025-03-10 18:52:19,Monday,18,Small,41.21,Suburban,Windy,52m 53s,On Time
469,2025-04-28 11:52:48,Monday,11,Medium,38.7,Industrial,Sunny,158m 0s,Delayed
470,2025-04-13 18:09:04,Sunday,18,Medium,77.05,Suburban,Sunny,74m 24s,On Time
471,2025-03-20 06:08:18,Thursday,6,Large,92.77,Urban,Snowy,168m 49s,Delayed
472,2025-04-02 10:00:50,Wednesday,10,Large,7.23,Suburban,Sunny,107m 21s,On Time
473,2025-04-01 08:26:20,Tuesday,8,Special,22.72,Rural,Rainy,488m 30s,Delayed
474,2025-03-30 17:34:21,Sunday,17,X-Large,10.94,Rural,Foggy,228m 24s,Delayed
475,2025-02-22 04:00:22,Saturday,4,Large,36.77,Shopping Center,Windy,224m 35s,Delayed
476,2025-04-28 00:56:18,Monday,0,Medium,31.96,Rural,Sunny,133m 28s,Delayed
477,2025-03-25 09:53:28,Tuesday,9,Special,85.36,Industrial,Rainy,689m 58s,Delayed
478,2025-05-02 09:50:37,Friday,9,Medium,24.61,Rural,Cloudy,253m 56s,Delayed
479,2025-03-15 11:37:59,Saturday,11,Medium,98.82,Industrial,Cloudy,111m 9s,On Time
480,2025-03-28 10:15:36,Friday,10,Special,34.45,Shopping Center,Sunny,120m 52s,On Time
481,2025-04-20 11:35:10,Sunday,11,Medium,5.38,Industrial,Rainy,33m 21s,On Time
482,2025-04-19 08:05:50,Saturday,8,Medium,67.12,Urban,Sunny,180m 28s,Delayed
483,2025-03-08 18:28:13,Saturday,18,Large,68.13,Suburban,Windy,79m 51s,On Time
484,2025-04-23 23:51:27,Wednesday,23,Small,21.9,Suburban,Cloudy,47m 55s,On Time
485,2025-04-12 06:50:10,Saturday,6,Large,89.52,Suburban,Snowy,420m 25s,Delayed
486,2025-02-26 05:17:47,Wednesday,5,Special,67.85,Industrial,Sunny,129m 37s,Delayed
487,2025-02-18 22:47:11,Tuesday,22,Large,54.67,Shopping Center,Windy,77m 25s,On Time
488,2025-04-24 22:58:09,Thursday,22,Small,97.16,Shopping Center,Windy,98m 39s,On Time
489,2025-02-19 04:49:48,Wednesday,4,Medium,54.37,Rural,Rainy,68m 47s,On Time
490,2025-04-14 08:21:25,Monday,8,Medium,15.82,Industrial,Cloudy,58m 34s,On Time
491,2025-04-22 07:25:16,Tuesday,7,Special,77.74,Shopping Center,Sunny,209m 44s,Delayed
492,2025-03-18 12:05:23,Tuesday,12,Small,70.08,Suburban,Sunny,43m 1s,On Time
493,2025-02-23 11:58:04,Sunday,11,Large,31.79,Suburban,Rainy,86m 56s,On Time
494,2025-02-28 23:50:45,Friday,23,Special,97.57,Rural,Sunny,710m 25s,Delayed
495,2025-05-12 09:14:37,Monday,9,Medium,79.64,Suburban,Snowy,295m 46s,Delayed
496,2025-04-03 11:12:01,Thursday,11,Large,78.9,Rural,Rainy,134m 22s,Delayed
497,2025-03-20 04:16:06,Thursday,4,X-Large,62.71,Rural,Snowy,505m 57s,Delayed
498,2025-03-19 01:26:27,Wednesday,1,X-Large,92.67,Shopping Center,Windy,284m 51s,Delayed
499,2025-04-07 13:20:01,Monday,13,Small,57.46,Industrial,Rainy,61m 13s,On Time
500,2025-03-25 14:20:03,Tuesday,14,Large,38.83,Suburban,Windy,157m 20s,Delayed
501,2025-04-18 16:59:32,Friday,16,X-Large,51.59,Industrial,Sunny,76m 58s,On Time
502,2025-03-13 23:05:29,Thursday,23,Special,42.62,Shopping Center,Sunny,125m 24s,Delayed
503,2025-05-08 09:14:17,Thursday,9,X-Large,35.36,Rural,Windy,304m 31s,Delayed
504,2025-05-01 09:56:43,Thursday,9,Medium,13.68,Suburban,Snowy,57m 28s,On Time
505,2025-02-15 00:47:46,Saturday,0,Medium,78.73,Suburban,Sunny,84m 28s,On Time
506,2025-05-11 20:47:17,Sunday,20,Small,75.86,Suburban,Rainy,48m 58s,On Time
507,2025-04-06 11:42:02,Sunday,11,Small,94.25,Industrial,Cloudy,150m 39s,Delayed
508,2025-03-10 14:17:22,Monday,14,Small,66.2,Rural,Sunny,64m 42s,On Time
509,2025-03-18 21:04:54,Tuesday,21,Special,31.07,Suburban,Cloudy,288m 0s,Delayed
510,2025-05-09 14:47:01,Friday,14,Large,77.39,Urban,Snowy,235m 58s,Delayed
511,2025-03-21 06:40:14,Friday,6,Small,70.33,Shopping Center,Sunny,289m 50s,Delayed
512,2025-05-15 01:22:13,Thursday,1,Special,90.73,Urban,Sunny,153m 52s,Delayed
513,2025-04-15 02:52:26,Tuesday,2,Medium,19.86,Suburban,Rainy,33m 2s,On Time
514,2025-04-07 01:26:41,Monday,1,Small,24.82,Industrial,Rainy,32m 17s,On Time
515,2025-05-09 15:14:12,Friday,15,Medium,56.12,Suburban,Snowy,334m 0s,Delayed
516,2025-03-23 01:06:23,Sunday,1,Medium,3.41,Industrial,Windy,42m 26s,On Time
517,2025-03-03 01:17:05,Monday,1,X-Large,2.88,Suburban,Rainy,169m 10s,Delayed
518,2025-04-16 03:16:43,Wednesday,3,Medium,58.15,Shopping Center,Foggy,64m 16s,On Time
519,2025-02-18 18:45:27,Tuesday,18,X-Large,68.46,Urban,Rainy,387m 33s,Delayed
520,2025-03-09 06:03:28,Sunday,6,Small,62.38,Urban,Cloudy,159m 9s,Delayed
521,2025-04-10 02:46:30,Thursday,2,Special,64.85,Rural,Sunny,532m 13s,Delayed
522,2025-05-13 05:38:40,Tuesday,5,Medium,64.7,Rural,Sunny,209m 55s,Delayed
523,2025-04-07 05:41:38,Monday,5,Medium,28.43,Rural,Cloudy,51m 50s,On Time
524,2025-04-02 00:00:06,Wednesday,0,Medium,62.32,Urban,Windy,59m 9s,On Time
525,2025-03-16 10:36:46,Sunday,10,Medium,75.92,Urban,Rainy,78m 58s,On Time
526,2025-02-15 10:38:12,Saturday,10,Medium,33.85,Shopping Center,Sunny,43m 8s,On Time
527,2025-02-23 10:48:12,Sunday,10,X-Large,70.8,Suburban,Rainy,262m 56s,Delayed
528,2025-05-03 17:22:22,Saturday,17,X-Large,72.94,Suburban,Sunny,111m 19s,On Time
529,2025-02-18 11:58:33,Tuesday,11,Medium,88.93,Suburban,Rainy,196m 58s,Delayed
530,2025-03-26 06:51:24,Wednesday,6,Large,16.86,Rural,Cloudy,122m 46s,Delayed
531,2025-03-10 16:41:07,Monday,16,Medium,33.25,Suburban,Snowy,73m 21s,On Time
532,2025-03-04 02:20:00,Tuesday,2,Large,78.2,Rural,Cloudy,121m 55s,Delayed
533,2025-05-06 04:38:32,Tuesday,4,Large,90.42,Shopping Center,Cloudy,112m 49s,On Time
534,2025-05-05 11:12:37,Monday,11,X-Large,58.14,Urban,Sunny,110m 10s,On Time
535,2025-03-18 10:12:18,Tuesday,10,X-Large,19.48,Industrial,Sunny,145m 58s,Delayed
536,2025-03-31 13:26:35,Monday,13,X-Large,93.56,Urban,Sunny,603m 55s,Delayed
537,2025-03-24 00:07:43,Monday,0,Special,16.95,Industrial,Sunny,148m 46s,Delayed
538,2025-04-18 01:17:50,Friday,1,Special,63.26,Urban,Cloudy,409m 33s,Delayed
539,2025-04-26 00:26:37,Saturday,0,Medium,70.43,Industrial,Cloudy,109m 13s,On Time
540,2025-03-12 00:01:24,Wednesday,0,X-Large,57.46,Industrial,Sunny,68m 22s,On Time
541,2025-03-24 16:32:09,Monday,16,X-Large,20.51,Urban,Rainy,274m 6s,Delayed
542,2025-03-20 17:04:26,Thursday,17,Small,91.4,Rural,Windy,375m 21s,Delayed
543,2025-05-06 22:22:13,Tuesday,22,Medium,53.9,Urban,Cloudy,107m 24s,On Time
544,2025-04-09 21:41:31,Wednesday,21,Special,14.04,Industrial,Windy,70m 39s,On Time
545,2025-04-09 19:27:57,Wednesday,19,Small,39.59,Urban,Windy,52m 24s,On Time
546,2025-04-30 20:06:09,Wednesday,20,Small,17.55,Rural,Windy,28m 37s,On Time
547,2025-03-04 20:03:20,Tuesday,20,Small,54.02,Industrial,Snowy,164m 32s,Delayed
548,2025-04-21 17:19:13,Monday,17,Small,55.16,Rural,Sunny,98m 24s,On Time
549,2025-04-03 20:27:57,Thursday,20,Medium,74.0,Rural,Cloudy,292m 13s,Delayed
550,2025-05-15 06:03:05,Thursday,6,Medium,25.11,Rural,Cloudy,56m 28s,On Time
551,2025-04-10 12:13:14,Thursday,12,Medium,21.04,Rural,Sunny,72m 1s,On Time
552,2025-04-06 09:49:22,Sunday,9,Small,17.52,Urban,Cloudy,34m 19s,On Time
553,2025-05-07 18:44:11,Wednesday,18,Medium,71.35,Shopping Center,Sunny,300m 3s,Delayed
554,2025-04-06 21:31:05,Sunday,21,Medium,99.85,Suburban,Sunny,63m 13s,On Time
555,2025-03-19 09:44:31,Wednesday,9,Large,53.96,Shopping Center,Sunny,170m 35s,Delayed
556,2025-05-09 12:00:14,Friday,12,Medium,50.04,Industrial,Sunny,181m 31s,Delayed
557,2025-03-06 10:57:31,Thursday,10,X-Large,19.09,Shopping Center,Sunny,117m 4s,On Time
558,2025-04-29 00:25:02,Tuesday,0,Small,29.25,Suburban,Rainy,128m 9s,Delayed
559,2025-03-20 12:32:32,Thursday,12,Large,90.51,Industrial,Sunny,69m 7s,On Time
560,2025-04-19 12:01:24,Saturday,12,Medium,80.71,Shopping Center,Snowy,128m 41s,Delayed
561,2025-04-05 18:48:38,Saturday,18,Medium,5.42,Industrial,Rainy,60m 28s,On Time
562,2025-05-02 18:02:21,Friday,18,Small,7.18,Suburban,Rainy,144m 7s,Delayed
563,2025-04-24 22:35:40,Thursday,22,Large,87.81,Urban,Windy,360m 53s,Delayed
564,2025-03-15 09:39:46,Saturday,9,Medium,68.0,Suburban,Cloudy,62m 12s,On Time
565,2025-05-06 05:55:15,Tuesday,5,Medium,16.26,Urban,Cloudy,32m 31s,On Time
566,2025-03-30 05:40:04,Sunday,5,Large,75.6,Shopping Center,Foggy,341m 44s,Delayed
567,2025-04-18 11:30:27,Friday,11,Medium,71.14,Suburban,Sunny,250m 18s,Delayed
568,2025-03-11 10:19:38,Tuesday,10,Large,29.52,Shopping Center,Sunny,124m 0s,Delayed
569,2025-04-04 22:34:27,Friday,22,X-Large,19.74,Shopping Center,Cloudy,90m 1s,On Time
570,2025-03-12 16:46:08,Wednesday,16,Large,73.92,Industrial,Sunny,60m 9s,On Time
571,2025-03-20 11:40:43,Thursday,11,Small,93.03,Industrial,Sunny,46m 59s,On Time
572,2025-03-31 23:03:24,Monday,23,X-Large,15.55,Urban,Cloudy,100m 47s,On Time
573,2025-03-27 07:55:31,Thursday,7,Large,34.88,Shopping Center,Cloudy,130m 1s,Delayed
574,2025-02-24 06:57:56,Monday,6,Medium,10.82,Rural,Cloudy,101m 9s,On Time
575,2025-02-28 04:34:53,Friday,4,X-Large,72.11,Industrial,Cloudy,99m 26s,On Time
576,2025-04-09 06:31:09,Wednesday,6,Small,36.05,Suburban,Foggy,30m 10s,On Time
577,2025-03-24 05:38:16,Monday,5,Small,73.68,Rural,Sunny,143m 16s,Delayed
578,2025-04-28 17:09:39,Monday,17,Medium,2.49,Industrial,Sunny,42m 11s,On Time
579,2025-03-14 07:38:31,Friday,7,Large,27.91,Industrial,Cloudy,112m 40s,On Time
580,2025-04-27 16:31:21,Sunday,16,Small,91.15,Industrial,Snowy,110m 34s,On Time
581,2025-03-01 18:56:17,Saturday,18,Medium,86.27,Industrial,Cloudy,108m 45s,On Time
582,2025-05-05 09:23:23,Monday,9,Medium,88.32,Shopping Center,Rainy,158m 16s,Delayed
583,2025-03-26 19:57:16,Wednesday,19,Medium,53.13,Urban,Rainy,87m 42s,On Time
584,2025-03-29 20:51:17,Saturday,20,X-Large,27.93,Suburban,Rainy,84m 52s,On Time
585,2025-04-21 07:31:20,Monday,7,Small,7.19,Urban,Sunny,110m 20s,On Time
586,2025-04-11 01:10:38,Friday,1,Medium,45.64,Industrial,Foggy,43m 6s,On Time
587,2025-05-06 22:33:37,Tuesday,22,Small,51.3,Rural,Cloudy,48m 28s,On Time
588,2025-03-11 18:43:48,Tuesday,18,Medium,18.09,Urban,Rainy,215m 10s,Delayed
589,2025-02-27 21:53:30,Thursday,21,Special,65.11,Suburban,Sunny,191m 33s,Delayed
590,2025-04-14 01:51:16,Monday,1,Medium,62.8,Shopping Center,Snowy,145m 34s,Delayed
591,2025-04-30 03:42:07,Wednesday,3,Medium,64.14,Industrial,Windy,175m 38s,Delayed
592,2025-03-10 10:52:15,Monday,10,X-Large,81.46,Suburban,Sunny,211m 38s,Delayed
593,2025-03-05 23:02:15,Wednesday,23,Small,48.2,Industrial,Snowy,122m 12s,Delayed
594,2025-04-22 22:38:11,Tuesday,22,Small,33.73,Rural,Sunny,40m 32s,On Time
595,2025-03-28 22:29:16,Friday,22,Large,3.18,Urban,Cloudy,36m 53s,On Time
596,2025-03-16 23:16:08,Sunday,23,Small,60.13,Shopping Center,Sunny,120m 7s,On Time
597,2025-03-31 18:17:42,Monday,18,Special,22.26,Rural,Rainy,402m 19s,Delayed
598,2025-02-23 15:23:55,Sunday,15,Medium,43.88,Rural,Rainy,219m 22s,Delayed
599,2025-03-21 15:37:44,Friday,15,Medium,94.76,Industrial,Cloudy,287m 57s,Delayed
600,2025-02-18 11:14:58,Tuesday,11,Medium,10.69,Suburban,Rainy,71m 38s,On Time
601,2025-04-09 18:08:54,Wednesday,18,Small,50.84,Suburban,Windy,197m 52s,Delayed
602,2025-04-11 01:38:33,Friday,1,Large,45.96,Shopping Center,Foggy,218m 15s,Delayed
603,2025-04-16 16:55:35,Wednesday,16,Small,57.83,Shopping Center,Windy,120m 30s,On Time
604,2025-03-22 12:25:05,Saturday,12,X-Large,1.64,Rural,Cloudy,101m 3s,On Time
605,2025-05-01 08:22:14,Thursday,8,Medium,84.91,Suburban,Snowy,346m 19s,Delayed
606,2025-03-04 18:13:07,Tuesday,18,Medium,97.57,Industrial,Rainy,382m 5s,Delayed
607,2025-02-28 15:50:57,Friday,15,Medium,73.65,Industrial,Sunny,230m 28s,Delayed
608,2025-04-05 20:06:51,Saturday,20,Medium,53.31,Urban,Rainy,179m 50s,Delayed
609,2025-04-19 12:04:19,Saturday,12,X-Large,53.24,Rural,Snowy,152m 52s,Delayed
610,2025-03-01 08:53:03,Saturday,8,Medium,16.17,Rural,Sunny,97m 0s,On Time
611,2025-05-12 04:57:13,Monday,4,Large,70.09,Rural,Sunny,364m 13s,Delayed
612,2025-04-20 03:14:51,Sunday,3,Large,8.24,Suburban,Cloudy,25m 56s,On Time
613,2025-03-22 10:48:56,Saturday,10,Special,37.54,Industrial,Cloudy,236m 43s,Delayed
614,2025-02-18 11:44:13,Tuesday,11,X-Large,23.82,Rural,Rainy,306m 6s,Delayed
615,2025-03-26 05:37:02,Wednesday,5,Small,59.75,Shopping Center,Cloudy,57m 10s,On Time
616,2025-05-11 17:01:16,Sunday,17,Small,33.48,Rural,Rainy,55m 47s,On Time
617,2025-04-15 15:39:25,Tuesday,15,Medium,42.02,Industrial,Cloudy,61m 17s,On Time
618,2025-04-13 19:05:37,Sunday,19,Medium,98.02,Suburban,Sunny,105m 13s,On Time
619,2025-04-11 02:30:24,Friday,2,Special,18.95,Urban,Foggy,325m 9s,Delayed
620,2025-04-01 06:23:53,Tuesday,6,Small,77.98,Shopping Center,Snowy,465m 37s,Delayed
621,2025-03-16 00:20:50,Sunday,0,X-Large,15.13,Suburban,Snowy,68m 12s,On Time
622,2025-03-29 16:07:20,Saturday,16,X-Large,36.69,Urban,Windy,233m 17s,Delayed
623,2025-03-06 09:53:12,Thursday,9,Medium,92.24,Shopping Center,Sunny,453m 21s,Delayed
624,2025-02-26 04:38:48,Wednesday,4,Medium,90.22,Industrial,Sunny,55m 10s,On Time
625,2025-04-06 23:25:26,Sunday,23,Medium,91.26,Suburban,Rainy,66m 45s,On Time
626,2025-03-11 15:31:49,Tuesday,15,X-Large,56.27,Industrial,Cloudy,118m 11s,On Time
627,2025-05-11 13:32:33,Sunday,13,Large,90.21,Suburban,Sunny,68m 57s,On Time
628,2025-03-09 17:51:55,Sunday,17,Small,75.6,Rural,Cloudy,77m 48s,On Time
629,2025-03-10 23:01:07,Monday,23,Small,44.88,Shopping Center,Sunny,221m 26s,Delayed
630,2025-04-30 03:41:11,Wednesday,3,Medium,39.65,Urban,Windy,177m 45s,Delayed
631,2025-05-05 18:19:08,Monday,18,Special,14.41,Suburban,Cloudy,91m 34s,On Time
632,2025-04-03 22:41:27,Thursday,22,Medium,6.92,Urban,Windy,102m 20s,On Time
633,2025-04-15 11:18:58,Tuesday,11,Small,3.98,Shopping Center,Rainy,99m 12s,On Time
634,2025-02-21 08:19:28,Friday,8,Special,7.06,Urban,Sunny,191m 52s,Delayed
635,2025-04-24 05:50:39,Thursday,5,Large,43.72,Urban,Rainy,280m 41s,Delayed
636,2025-03-25 13:18:02,Tuesday,13,Large,28.37,Urban,Windy,156m 49s,Delayed
637,2025-04-16 20:53:52,Wednesday,20,Large,79.76,Urban,Windy,91m 34s,On Time
638,2025-05-04 18:39:44,Sunday,18,Medium,92.41,Industrial,Rainy,84m 51s,On Time
639,2025-04-16 23:34:31,Wednesday,23,Medium,8.61,Rural,Windy,102m 30s,On Time
640,2025-03-17 02:15:08,Monday,2,Special,59.03,Suburban,Rainy,139m 0s,Delayed
641,2025-03-16 20:43:32,Sunday,20,Small,14.98,Industrial,Sunny,17m 0s,On Time
642,2025-05-06 07:46:35,Tuesday,7,Medium,60.85,Suburban,Cloudy,64m 26s,On Time
643,2025-04-25 01:37:10,Friday,1,X-Large,58.74,Suburban,Windy,255m 10s,Delayed
644,2025-05-10 15:11:07,Saturday,15,Medium,44.87,Industrial,Rainy,38m 25s,On Time
645,2025-02-15 13:55:06,Saturday,13,Medium,97.79,Shopping Center,Sunny,228m 3s,Delayed
646,2025-03-29 03:32:13,Saturday,3,Special,89.56,Urban,Cloudy,144m 4s,Delayed
647,2025-02-26 04:04:35,Wednesday,4,Large,19.39,Urban,Sunny,93m 18s,On Time
648,2025-03-19 22:35:32,Wednesday,22,Medium,61.29,Shopping Center,Sunny,128m 54s,Delayed
649,2025-04-28 13:44:46,Monday,13,Small,2.95,Shopping Center,Rainy,88m 6s,On Time
650,2025-02-19 04:24:29,Wednesday,4,Small,8.49,Rural,Rainy,114m 47s,On Time
651,2025-03-03 09:52:37,Monday,9,Special,32.64,Industrial,Windy,98m 28s,On Time
652,2025-03-29 05:14:31,Saturday,5,Small,14.3,Rural,Sunny,43m 46s,On Time
653,2025-03-31 14:05:27,Monday,14,Special,53.01,Shopping Center,Sunny,152m 3s,Delayed
654,2025-04-10 23:40:56,Thursday,23,X-Large,57.88,Rural,Cloudy,327m 7s,Delayed
655,2025-05-03 00:57:21,Saturday,0,Medium,39.57,Industrial,Cloudy,57m 36s,On Time
656,2025-03-31 23:20:32,Monday,23,Special,93.25,Suburban,Cloudy,428m 1s,Delayed
657,2025-02-26 04:13:25,Wednesday,4,Medium,21.6,Urban,Sunny,107m 55s,On Time
658,2025-03-25 07:59:06,Tuesday,7,Special,47.72,Rural,Sunny,144m 1s,Delayed
659,2025-03-23 11:39:27,Sunday,11,Medium,88.78,Suburban,Sunny,164m 24s,Delayed
660,2025-03-30 16:29:19,Sunday,16,Small,33.25,Industrial,Foggy,22m 55s,On Time
661,2025-04-25 13:33:02,Friday,13,Large,15.04,Rural,Sunny,107m 22s,On Time
662,2025-04-07 14:31:05,Monday,14,Large,7.04,Urban,Rainy,141m 27s,Delayed
663,2025-03-12 02:14:13,Wednesday,2,Small,22.37,Urban,Cloudy,30m 10s,On Time
664,2025-05-02 01:55:15,Friday,1,Small,13.22,Urban,Sunny,116m 7s,On Time
665,2025-04-13 01:47:44,Sunday,1,Small,24.73,Industrial,Rainy,68m 18s,On Time
666,2025-04-14 03:54:56,Monday,3,Small,47.76,Rural,Snowy,95m 45s,On Time
667,2025-04-06 19:48:17,Sunday,19,Special,47.65,Suburban,Sunny,330m 12s,Delayed
668,2025-04-16 20:18:46,Wednesday,20,Small,19.65,Shopping Center,Windy,32m 0s,On Time
669,2025-05-09 00:45:28,Friday,0,X-Large,58.81,Industrial,Sunny,83m 12s,On Time
670,2025-03-01 15:42:40,Saturday,15,Medium,29.76,Industrial,Windy,32m 57s,On Time
671,2025-03-01 08:35:23,Saturday,8,Small,86.12,Urban,Sunny,277m 41s,Delayed
672,2025-03-07 00:27:33,Friday,0,Small,74.75,Industrial,Sunny,48m 29s,On Time
673,2025-02-28 14:59:25,Friday,14,Medium,90.28,Rural,Sunny,382m 43s,Delayed
674,2025-04-10 09:41:13,Thursday,9,Large,63.34,Industrial,Windy,283m 9s,Delayed
675,2025-03-27 23:15:00,Thursday,23,Small,58.8,Urban,Windy,167m 39s,Delayed
676,2025-03-11 09:49:47,Tuesday,9,Medium,42.04,Suburban,Cloudy,52m 7s,On Time
677,2025-03-06 19:13:24,Thursday,19,Large,80.45,Suburban,Sunny,211m 3s,Delayed
678,2025-03-24 17:53:56,Monday,17,Small,65.64,Rural,Rainy,108m 7s,On Time
679,2025-02-26 23:00:12,Wednesday,23,Large,53.73,Suburban,Sunny,54m 44s,On Time
680,2025-05-04 19:33:46,Sunday,19,X-Large,66.85,Shopping Center,Rainy,176m 42s,Delayed
681,2025-05-12 00:00:33,Monday,0,Medium,79.61,Suburban,Windy,269m 49s,Delayed
682,2025-04-27 14:14:50,Sunday,14,Medium,77.15,Shopping Center,Rainy,83m 12s,On Time
683,2025-04-11 18:37:41,Friday,18,Medium,47.72,Shopping Center,Rainy,332m 31s,Delayed
684,2025-02-24 11:33:51,Monday,11,Special,80.29,Urban,Sunny,270m 22s,Delayed
685,2025-03-06 07:53:17,Thursday,7,Small,1.87,Industrial,Sunny,18m 25s,On Time
686,2025-05-03 13:09:38,Saturday,13,Medium,40.57,Industrial,Sunny,30m 21s,On Time
687,2025-05-04 23:52:17,Sunday,23,Medium,59.23,Suburban,Snowy,75m 49s,On Time
688,2025-05-11 14:38:20,Sunday,14,Small,83.69,Urban,Sunny,68m 44s,On Time
689,2025-04-08 08:58:46,Tuesday,8,Small,46.32,Shopping Center,Sunny,151m 31s,Delayed
690,2025-03-16 21:13:19,Sunday,21,Medium,57.32,Urban,Sunny,82m 36s,On Time
691,2025-03-22 01:29:20,Saturday,1,Small,54.36,Urban,Cloudy,103m 7s,On Time
692,2025-03-19 01:44:39,Wednesday,1,Medium,30.46,Urban,Windy,133m 5s,Delayed
693,2025-05-01 18:42:12,Thursday,18,Medium,47.01,Shopping Center,Cloudy,333m 55s,Delayed
694,2025-03-09 06:59:22,Sunday,6,Medium,38.49,Rural,Cloudy,161m 1s,Delayed
695,2025-04-16 19:48:41,Wednesday,19,Large,18.26,Urban,Windy,56m 12s,On Time
696,2025-02-23 03:50:23,Sunday,3,Special,15.22,Shopping Center,Sunny,66m 25s,On Time
697,2025-02-16 01:18:31,Sunday,1,Medium,54.59,Industrial,Windy,131m 9s,Delayed
698,2025-04-21 17:01:15,Monday,17,Medium,85.32,Shopping Center,Sunny,423m 4s,Delayed
699,2025-04-19 05:04:41,Saturday,5,X-Large,5.89,Industrial,Sunny,111m 20s,On Time
700,2025-03-01 11:45:22,Saturday,11,Medium,31.26,Shopping Center,Sunny,166m 20s,Delayed
701,2025-03-02 02:00:01,Sunday,2,Small,47.95,Suburban,Sunny,123m 2s,Delayed
702,2025-03-16 00:18:53,Sunday,0,Large,51.15,Urban,Snowy,275m 40s,Delayed
703,2025-02-19 08:19:51,Wednesday,8,X-Large,67.63,Industrial,Sunny,98m 24s,On Time
704,2025-03-24 21:53:57,Monday,21,Small,50.3,Shopping Center,Rainy,283m 11s,Delayed
705,2025-05-13 10:49:43,Tuesday,10,Small,41.21,Urban,Cloudy,120m 55s,On Time
706,2025-03-07 18:44:46,Friday,18,X-Large,63.02,Urban,Sunny,648m 28s,Delayed
707,2025-04-29 07:38:34,Tuesday,7,Large,44.27,Suburban,Sunny,63m 46s,On Time
708,2025-03-26 01:06:23,Wednesday,1,Small,47.39,Rural,Sunny,44m 8s,On Time
709,2025-04-10 17:31:00,Thursday,17,X-Large,99.37,Suburban,Sunny,215m 34s,Delayed
710,2025-03-03 14:09:09,Monday,14,Medium,77.9,Industrial,Rainy,242m 49s,Delayed
711,2025-04-06 23:31:16,Sunday,23,Small,88.25,Urban,Rainy,148m 15s,Delayed
712,2025-03-31 10:25:40,Monday,10,Large,10.15,Shopping Center,Sunny,48m 1s,On Time
713,2025-03-15 23:59:57,Saturday,23,X-Large,2.58,Urban,Cloudy,73m 45s,On Time
714,2025-03-18 22:43:40,Tuesday,22,X-Large,54.38,Suburban,Cloudy,308m 43s,Delayed
715,2025-03-20 04:28:57,Thursday,4,Medium,22.66,Industrial,Snowy,53m 17s,On Time
716,2025-04-25 15:04:34,Friday,15,Small,42.45,Industrial,Cloudy,43m 41s,On Time
717,2025-02-19 22:39:36,Wednesday,22,Medium,66.86,Urban,Sunny,226m 33s,Delayed
718,2025-03-25 12:41:00,Tuesday,12,Medium,65.47,Suburban,Windy,168m 35s,Delayed
719,2025-05-07 05:06:51,Wednesday,5,Small,88.25,Shopping Center,Cloudy,123m 3s,Delayed
720,2025-03-20 09:31:54,Thursday,9,Small,90.59,Urban,Sunny,79m 55s,On Time
721,2025-04-20 09:59:14,Sunday,9,Small,44.67,Industrial,Rainy,48m 1s,On Time
722,2025-05-12 17:59:04,Monday,17,Small,27.85,Shopping Center,Rainy,73m 46s,On Time
723,2025-04-26 09:11:59,Saturday,9,Small,93.2,Rural,Cloudy,188m 52s,Delayed
724,2025-03-12 16:47:10,Wednesday,16,Small,19.59,Industrial,Sunny,20m 33s,On Time
725,2025-05-12 00:55:59,Monday,0,Medium,63.35,Urban,Windy,87m 40s,On Time
726,2025-03-05 05:11:55,Wednesday,5,X-Large,22.09,Industrial,Sunny,42m 53s,On Time
727,2025-02-17 13:41:46,Monday,13,Special,16.83,Rural,Foggy,301m 3s,Delayed
728,2025-02-15 17:25:45,Saturday,17,Small,61.71,Urban,Rainy,72m 0s,On Time
729,2025-03-21 16:39:31,Friday,16,Small,71.44,Urban,Cloudy,204m 43s,Delayed
730,2025-04-24 23:23:09,Thursday,23,Small,41.99,Shopping Center,Windy,44m 31s,On Time
731,2025-02-20 07:06:11,Thursday,7,Large,97.61,Rural,Windy,203m 4s,Delayed
732,2025-04-07 01:19:12,Monday,1,Large,39.56,Suburban,Rainy,66m 34s,On Time
733,2025-04-30 03:14:10,Wednesday,3,X-Large,62.83,Industrial,Windy,288m 57s,Delayed
734,2025-03-23 23:45:50,Sunday,23,Special,43.99,Industrial,Rainy,169m 21s,Delayed
735,2025-03-15 02:59:14,Saturday,2,Medium,93.88,Rural,Cloudy,77m 28s,On Time
736,2025-03-31 23:57:50,Monday,23,Large,74.94,Urban,Cloudy,408m 1s,Delayed
737,2025-04-22 09:23:02,Tuesday,9,Large,54.6,Urban,Sunny,163m 46s,Delayed
738,2025-04-04 23:52:40,Friday,23,Medium,48.57,Suburban,Cloudy,208m 13s,Delayed
739,2025-02-19 03:37:32,Wednesday,3,Small,94.27,Urban,Sunny,63m 15s,On Time
740,2025-05-05 09:45:35,Monday,9,X-Large,53.67,Shopping Center,Rainy,191m 9s,Delayed
741,2025-03-08 23:52:30,Saturday,23,Special,12.38,Rural,Rainy,280m 7s,Delayed
742,2025-03-05 03:27:51,Wednesday,3,X-Large,64.01,Urban,Cloudy,398m 18s,Delayed
743,2025-04-16 13:07:58,Wednesday,13,Large,86.9,Shopping Center,Windy,359m 41s,Delayed
744,2025-04-30 14:48:48,Wednesday,14,Small,77.87,Suburban,Cloudy,193m 49s,Delayed
745,2025-04-27 17:43:20,Sunday,17,Large,89.98,Urban,Snowy,208m 10s,Delayed
746,2025-04-01 06:11:56,Tuesday,6,Small,75.57,Urban,Snowy,97m 41s,On Time
747,2025-03-04 11:19:07,Tuesday,11,X-Large,86.61,Urban,Rainy,199m 34s,Delayed
748,2025-03-23 14:39:07,Sunday,14,Medium,8.45,Industrial,Sunny,71m 27s,On Time
749,2025-04-27 07:53:01,Sunday,7,X-Large,23.24,Industrial,Foggy,51m 9s,On Time
750,2025-03-19 17:01:49,Wednesday,17,Small,25.5,Suburban,Sunny,115m 15s,On Time
751,2025-04-20 16:53:30,Sunday,16,Medium,65.62,Suburban,Windy,44m 32s,On Time
752,2025-03-11 23:25:33,Tuesday,23,Special,57.98,Shopping Center,Sunny,534m 40s,Delayed
753,2025-04-30 01:16:49,Wednesday,1,Special,95.26,Suburban,Windy,145m 52s,Delayed
754,2025-04-24 20:12:23,Thursday,20,Medium,28.17,Shopping Center,Rainy,192m 15s,Delayed
755,2025-04-09 06:06:49,Wednesday,6,X-Large,79.38,Shopping Center,Foggy,130m 54s,Delayed
756,2025-05-02 05:12:21,Friday,5,Large,16.94,Industrial,Cloudy,137m 39s,Delayed
757,2025-04-01 15:42:47,Tuesday,15,Large,78.06,Rural,Rainy,368m 22s,Delayed
758,2025-04-24 03:41:57,Thursday,3,X-Large,46.53,Suburban,Sunny,67m 13s,On Time
759,2025-05-11 05:03:13,Sunday,5,Medium,38.35,Industrial,Sunny,74m 57s,On Time
760,2025-05-07 18:42:45,Wednesday,18,Medium,25.48,Urban,Sunny,203m 8s,Delayed
761,2025-04-26 20:27:09,Saturday,20,X-Large,13.54,Urban,Windy,116m 31s,On Time
762,2025-03-06 14:11:11,Thursday,14,Large,43.52,Shopping Center,Cloudy,285m 50s,Delayed
763,2025-03-11 07:40:43,Tuesday,7,Medium,99.54,Suburban,Cloudy,359m 9s,Delayed
764,2025-03-11 12:01:48,Tuesday,12,Medium,59.01,Suburban,Rainy,55m 35s,On Time
765,2025-03-16 05:11:07,Sunday,5,Large,80.95,Industrial,Sunny,107m 9s,On Time
766,2025-04-18 21:33:16,Friday,21,Small,41.38,Shopping Center,Cloudy,222m 38s,Delayed
767,2025-05-04 08:22:54,Sunday,8,Large,65.52,Urban,Sunny,279m 40s,Delayed
768,2025-04-01 15:44:00,Tuesday,15,Large,89.4,Shopping Center,Rainy,216m 1s,Delayed
769,2025-02-25 06:50:50,Tuesday,6,Medium,54.49,Industrial,Cloudy,166m 54s,Delayed
770,2025-03-07 17:29:47,Friday,17,Special,92.33,Industrial,Sunny,589m 52s,Delayed
771,2025-04-04 20:56:34,Friday,20,Medium,56.22,Shopping Center,Cloudy,139m 31s,Delayed
772,2025-05-11 17:44:55,Sunday,17,X-Large,11.49,Suburban,Rainy,237m 2s,Delayed
773,2025-04-10 18:14:50,Thursday,18,Large,12.86,Industrial,Sunny,140m 41s,Delayed
774,2025-04-14 05:43:44,Monday,5,Small,96.36,Suburban,Foggy,64m 15s,On Time
775,2025-02-17 17:23:52,Monday,17,Special,57.61,Shopping Center,Sunny,476m 52s,Delayed
776,2025-02-14 19:36:37,Friday,19,Medium,66.71,Rural,Rainy,131m 5s,Delayed
777,2025-03-26 06:17:58,Wednesday,6,X-Large,60.38,Industrial,Cloudy,295m 58s,Delayed
778,2025-03-19 04:54:33,Wednesday,4,Medium,29.81,Rural,Windy,61m 6s,On Time
779,2025-03-13 03:32:31,Thursday,3,Large,9.4,Industrial,Cloudy,42m 25s,On Time
780,2025-03-03 04:37:46,Monday,4,Medium,88.56,Suburban,Sunny,277m 38s,Delayed
781,2025-03-27 14:43:35,Thursday,14,Small,89.95,Rural,Cloudy,278m 21s,Delayed
782,2025-03-26 23:35:59,Wednesday,23,Small,99.72,Rural,Windy,285m 25s,Delayed
783,2025-04-14 06:00:18,Monday,6,Small,38.22,Urban,Rainy,199m 17s,Delayed
784,2025-04-23 18:32:30,Wednesday,18,Small,18.21,Shopping Center,Cloudy,129m 14s,Delayed
785,2025-03-25 17:56:24,Tuesday,17,Medium,85.88,Urban,Cloudy,288m 37s,Delayed
786,2025-03-12 15:42:26,Wednesday,15,Medium,97.32,Urban,Sunny,222m 7s,Delayed
787,2025-03-01 05:31:30,Saturday,5,Medium,16.68,Industrial,Sunny,84m 15s,On Time
788,2025-04-22 07:20:03,Tuesday,7,Large,93.98,Urban,Sunny,123m 3s,Delayed
789,2025-02-23 06:43:25,Sunday,6,Special,12.0,Industrial,Sunny,148m 49s,Delayed
790,2025-04-28 15:48:45,Monday,15,Large,67.98,Suburban,Snowy,499m 25s,Delayed
791,2025-05-04 10:39:22,Sunday,10,Large,80.73,Shopping Center,Cloudy,344m 33s,Delayed
792,2025-04-01 14:25:52,Tuesday,14,Medium,83.67,Rural,Rainy,90m 43s,On Time
793,2025-03-07 02:14:53,Friday,2,Medium,99.16,Suburban,Sunny,78m 43s,On Time
794,2025-05-11 20:14:46,Sunday,20,Small,96.98,Industrial,Rainy,64m 27s,On Time
795,2025-02-25 11:55:22,Tuesday,11,Small,28.51,Industrial,Snowy,42m 46s,On Time
796,2025-04-07 08:20:58,Monday,8,Small,92.45,Rural,Windy,348m 38s,Delayed
797,2025-04-03 09:25:21,Thursday,9,Large,99.07,Suburban,Rainy,284m 21s,Delayed
798,2025-02-28 12:24:47,Friday,12,Medium,83.99,Rural,Sunny,90m 58s,On Time
799,2025-04-17 18:20:42,Thursday,18,Medium,40.07,Suburban,Snowy,375m 19s,Delayed
800,2025-05-15 04:54:14,Thursday,4,Large,47.44,Shopping Center,Sunny,71m 20s,On Time
801,2025-04-16 11:54:29,Wednesday,11,Small,47.87,Shopping Center,Windy,191m 13s,Delayed
802,2025-05-04 16:56:17,Sunday,16,Large,43.49,Suburban,Rainy,209m 55s,Delayed
803,2025-04-02 10:41:49,Wednesday,10,Small,4.36,Urban,Sunny,26m 0s,On Time
804,2025-02-14 19:46:05,Friday,19,Large,57.29,Shopping Center,Rainy,642m 4s,Delayed
805,2025-04-22 21:50:07,Tuesday,21,X-Large,37.07,Shopping Center,Sunny,132m 34s,Delayed
806,2025-03-08 07:11:26,Saturday,7,Medium,35.11,Suburban,Cloudy,171m 15s,Delayed
807,2025-05-15 14:40:41,Thursday,14,Large,65.36,Urban,Windy,278m 36s,Delayed
808,2025-04-28 13:21:42,Monday,13,X-Large,92.18,Industrial,Rainy,134m 26s,Delayed
809,2025-03-08 23:50:13,Saturday,23,X-Large,48.7,Suburban,Rainy,297m 53s,Delayed
810,2025-02-27 16:49:21,Thursday,16,Large,6.88,Urban,Cloudy,104m 34s,On Time
811,2025-03-20 03:07:06,Thursday,3,Medium,3.0,Suburban,Snowy,67m 10s,On Time
812,2025-03-13 12:42:48,Thursday,12,Medium,29.86,Industrial,Sunny,86m 30s,On Time
813,2025-03-23 13:27:51,Sunday,13,Medium,12.28,Industrial,Sunny,77m 25s,On Time
814,2025-02-22 22:25:47,Saturday,22,Medium,68.05,Suburban,Windy,45m 36s,On Time
815,2025-03-19 15:37:47,Wednesday,15,Small,86.97,Suburban,Cloudy,69m 42s,On Time
816,2025-05-13 05:33:55,Tuesday,5,Medium,45.13,Urban,Sunny,107m 32s,On Time
817,2025-04-11 07:44:52,Friday,7,X-Large,63.94,Urban,Foggy,270m 4s,Delayed
818,2025-03-25 04:01:58,Tuesday,4,X-Large,49.92,Industrial,Rainy,302m 7s,Delayed
819,2025-02-20 02:41:14,Thursday,2,Large,58.68,Urban,Rainy,83m 5s,On Time
820,2025-05-04 10:01:13,Sunday,10,X-Large,26.29,Urban,Cloudy,231m 28s,Delayed
821,2025-03-07 11:18:00,Friday,11,X-Large,93.05,Shopping Center,Cloudy,506m 44s,Delayed
822,2025-04-12 01:52:08,Saturday,1,X-Large,41.16,Rural,Cloudy,77m 18s,On Time
823,2025-03-10 15:06:39,Monday,15,Large,39.4,Shopping Center,Sunny,165m 24s,Delayed
824,2025-04-05 23:06:29,Saturday,23,Medium,29.06,Urban,Sunny,138m 1s,Delayed
825,2025-04-05 22:53:35,Saturday,22,Medium,3.55,Rural,Sunny,92m 13s,On Time
826,2025-03-06 12:46:19,Thursday,12,Large,33.92,Shopping Center,Cloudy,62m 59s,On Time
827,2025-03-15 19:14:17,Saturday,19,Large,86.55,Suburban,Snowy,168m 48s,Delayed
828,2025-02-17 22:47:41,Monday,22,Large,98.51,Shopping Center,Cloudy,575m 49s,Delayed
829,2025-04-25 06:28:47,Friday,6,Medium,77.06,Suburban,Foggy,186m 49s,Delayed
830,2025-02-25 07:44:27,Tuesday,7,Large,45.61,Suburban,Cloudy,191m 12s,Delayed
831,2025-04-26 11:20:24,Saturday,11,Large,37.0,Industrial,Sunny,99m 38s,On Time
832,2025-02-18 18:53:08,Tuesday,18,Small,29.26,Rural,Rainy,58m 19s,On Time
833,2025-03-19 06:55:33,Wednesday,6,Medium,47.03,Suburban,Sunny,40m 34s,On Time
834,2025-05-08 14:24:31,Thursday,14,Small,86.79,Shopping Center,Cloudy,263m 34s,Delayed
835,2025-03-20 14:52:41,Thursday,14,Large,26.43,Shopping Center,Windy,147m 8s,Delayed
836,2025-03-03 05:11:52,Monday,5,Medium,13.87,Suburban,Sunny,29m 35s,On Time
837,2025-04-16 18:59:48,Wednesday,18,Small,14.67,Industrial,Windy,26m 18s,On Time
838,2025-04-02 16:41:20,Wednesday,16,Small,11.67,Suburban,Windy,46m 21s,On Time
839,2025-04-23 05:17:25,Wednesday,5,Medium,64.73,Suburban,Snowy,88m 19s,On Time
840,2025-03-14 14:54:27,Friday,14,Medium,31.97,Industrial,Sunny,36m 1s,On Time
841,2025-03-20 07:42:17,Thursday,7,Medium,24.46,Shopping Center,Snowy,188m 46s,Delayed
842,2025-03-05 17:52:07,Wednesday,17,Special,52.99,Suburban,Cloudy,133m 1s,Delayed
843,2025-05-04 06:39:31,Sunday,6,Large,18.04,Suburban,Sunny,51m 0s,On Time
844,2025-05-06 12:02:08,Tuesday,12,Small,51.88,Urban,Cloudy,180m 11s,Delayed
845,2025-03-24 22:22:09,Monday,22,Medium,16.88,Rural,Cloudy,74m 35s,On Time
846,2025-03-04 17:46:44,Tuesday,17,Medium,34.8,Urban,Rainy,99m 49s,On Time
847,2025-05-04 07:10:05,Sunday,7,X-Large,19.4,Shopping Center,Sunny,74m 33s,On Time
848,2025-04-02 23:34:47,Wednesday,23,Medium,16.33,Urban,Cloudy,42m 10s,On Time
849,2025-04-02 09:09:55,Wednesday,9,Large,97.14,Rural,Sunny,343m 50s,Delayed
850,2025-04-23 11:33:10,Wednesday,11,Large,40.19,Shopping Center,Sunny,261m 2s,Delayed
851,2025-03-20 13:07:51,Thursday,13,Small,89.76,Rural,Windy,162m 3s,Delayed
852,2025-04-11 10:11:20,Friday,10,Small,54.06,Rural,Rainy,229m 47s,Delayed
853,2025-03-23 01:36:39,Sunday,1,Small,48.83,Rural,Windy,49m 2s,On Time
854,2025-05-13 00:48:50,Tuesday,0,Large,14.46,Shopping Center,Sunny,46m 10s,On Time
855,2025-04-02 23:36:08,Wednesday,23,Small,11.8,Shopping Center,Cloudy,49m 40s,On Time
856,2025-04-01 16:36:37,Tuesday,16,Large,22.9,Urban,Rainy,81m 25s,On Time
857,2025-03-09 23:29:48,Sunday,23,Small,34.98,Urban,Sunny,125m 14s,Delayed
858,2025-03-21 06:44:33,Friday,6,Large,16.96,Suburban,Sunny,124m 46s,Delayed
859,2025-04-11 21:44:58,Friday,21,Medium,78.79,Industrial,Sunny,103m 18s,On Time
860,2025-02-20 10:16:24,Thursday,10,Small,21.55,Industrial,Windy,44m 17s,On Time
861,2025-03-22 13:41:30,Saturday,13,Large,27.72,Suburban,Cloudy,55m 12s,On Time
862,2025-04-23 22:40:08,Wednesday,22,Small,79.69,Rural,Cloudy,96m 39s,On Time
863,2025-02-19 00:55:07,Wednesday,0,Special,20.5,Industrial,Sunny,141m 25s,Delayed
864,2025-04-04 13:01:34,Friday,13,Small,61.95,Urban,Windy,191m 55s,Delayed
865,2025-02-24 14:28:07,Monday,14,Medium,66.78,Shopping Center,Cloudy,330m 34s,Delayed
866,2025-02-27 11:21:15,Thursday,11,Small,99.3,Rural,Windy,284m 32s,Delayed
867,2025-03-13 05:16:13,Thursday,5,Small,28.45,Industrial,Cloudy,56m 43s,On Time
868,2025-02-26 08:30:26,Wednesday,8,Small,96.93,Shopping Center,Sunny,97m 51s,On Time
869,2025-03-16 10:45:15,Sunday,10,Medium,25.41,Urban,Rainy,39m 8s,On Time
870,2025-03-29 14:09:40,Saturday,14,X-Large,81.98,Rural,Sunny,291m 8s,Delayed
871,2025-04-11 06:53:24,Friday,6,Medium,12.85,Suburban,Foggy,29m 0s,On Time
872,2025-03-15 19:34:23,Saturday,19,Medium,27.04,Rural,Snowy,91m 20s,On Time
873,2025-04-27 16:39:17,Sunday,16,Large,5.76,Urban,Snowy,50m 27s,On Time
874,2025-04-14 15:58:45,Monday,15,Large,56.88,Shopping Center,Rainy,187m 6s,Delayed
875,2025-04-19 12:37:31,Saturday,12,Large,70.15,Industrial,Snowy,220m 11s,Delayed
876,2025-05-05 16:58:21,Monday,16,Medium,13.09,Industrial,Cloudy,61m 32s,On Time
877,2025-04-21 11:36:52,Monday,11,Small,30.95,Industrial,Cloudy,31m 3s,On Time
878,2025-02-26 13:13:20,Wednesday,13,Large,43.69,Industrial,Cloudy,47m 17s,On Time
879,2025-04-14 20:54:37,Monday,20,Large,38.74,Industrial,Rainy,59m 16s,On Time
880,2025-04-05 18:01:44,Saturday,18,X-Large,69.17,Urban,Rainy,154m 50s,Delayed
881,2025-03-25 20:38:26,Tuesday,20,X-Large,34.91,Suburban,Cloudy,161m 40s,Delayed
882,2025-02-21 12:17:36,Friday,12,Medium,76.76,Shopping Center,Windy,368m 33s,Delayed
883,2025-03-12 22:39:21,Wednesday,22,Special,19.51,Rural,Sunny,211m 20s,Delayed
884,2025-02-24 04:30:23,Monday,4,Large,41.87,Rural,Cloudy,274m 48s,Delayed
885,2025-03-30 09:16:43,Sunday,9,X-Large,59.85,Urban,Foggy,335m 45s,Delayed
886,2025-02-28 20:20:56,Friday,20,Large,10.39,Suburban,Sunny,79m 32s,On Time
887,2025-04-11 02:27:31,Friday,2,Medium,96.58,Shopping Center,Foggy,243m 9s,Delayed
888,2025-05-02 05:20:45,Friday,5,Medium,23.23,Suburban,Cloudy,36m 43s,On Time
889,2025-02-25 19:38:11,Tuesday,19,Large,91.57,Industrial,Rainy,237m 6s,Delayed
890,2025-04-29 03:48:34,Tuesday,3,X-Large,71.26,Suburban,Rainy,108m 13s,On Time
891,2025-03-10 00:24:49,Monday,0,Medium,46.43,Shopping Center,Cloudy,284m 4s,Delayed
892,2025-02-28 12:01:52,Friday,12,Large,22.36,Shopping Center,Sunny,60m 20s,On Time
893,2025-03-26 05:46:11,Wednesday,5,Medium,20.41,Rural,Cloudy,151m 46s,Delayed
894,2025-03-31 12:52:45,Monday,12,Medium,94.97,Industrial,Sunny,226m 20s,Delayed
895,2025-04-07 00:46:57,Monday,0,Medium,76.34,Rural,Sunny,85m 14s,On Time
896,2025-03-19 23:48:05,Wednesday,23,Small,94.27,Suburban,Sunny,107m 57s,On Time
897,2025-03-31 18:37:59,Monday,18,Small,39.31,Suburban,Rainy,196m 55s,Delayed
898,2025-04-02 21:19:32,Wednesday,21,Small,89.25,Rural,Cloudy,274m 50s,Delayed
899,2025-03-12 13:25:27,Wednesday,13,Small,13.64,Rural,Sunny,54m 15s,On Time
900,2025-03-29 23:21:00,Saturday,23,Large,2.12,Industrial,Rainy,92m 25s,On Time
901,2025-02-25 13:19:44,Tuesday,13,Medium,87.68,Urban,Cloudy,176m 34s,Delayed
902,2025-03-11 21:50:22,Tuesday,21,Large,19.89,Industrial,Snowy,65m 13s,On Time
903,2025-04-10 23:05:03,Thursday,23,Medium,9.43,Rural,Cloudy,30m 45s,On Time
904,2025-04-14 19:54:18,Monday,19,Small,96.3,Industrial,Rainy,97m 5s,On Time
905,2025-03-22 03:02:22,Saturday,3,Medium,96.66,Shopping Center,Rainy,340m 41s,Delayed
906,2025-04-27 20:23:55,Sunday,20,Medium,99.67,Rural,Snowy,544m 58s,Delayed
907,2025-03-02 13:15:44,Sunday,13,Small,37.31,Industrial,Sunny,96m 57s,On Time
908,2025-04-03 14:52:34,Thursday,14,X-Large,30.91,Urban,Cloudy,217m 13s,Delayed
909,2025-03-31 19:23:20,Monday,19,Special,47.88,Urban,Cloudy,412m 46s,Delayed
910,2025-03-23 14:24:57,Sunday,14,Small,27.52,Shopping Center,Sunny,96m 20s,On Time
911,2025-04-15 12:07:54,Tuesday,12,Small,67.41,Industrial,Sunny,37m 46s,On Time
912,2025-03-09 23:44:49,Sunday,23,Special,36.2,Industrial,Sunny,238m 46s,Delayed
913,2025-03-13 10:07:40,Thursday,10,Medium,30.02,Urban,Snowy,280m 1s,Delayed
914,2025-03-06 18:05:56,Thursday,18,Small,80.5,Industrial,Sunny,193m 19s,Delayed
915,2025-04-26 04:26:04,Saturday,4,Large,55.24,Suburban,Cloudy,52m 34s,On Time
916,2025-02-24 06:22:56,Monday,6,Medium,23.17,Urban,Cloudy,101m 32s,On Time
917,2025-04-14 19:31:55,Monday,19,Small,4.68,Suburban,Rainy,136m 3s,Delayed
918,2025-04-14 14:03:10,Monday,14,X-Large,86.1,Urban,Rainy,478m 48s,Delayed
919,2025-03-20 19:53:57,Thursday,19,Medium,73.38,Industrial,Windy,99m 34s,On Time
920,2025-02-16 04:19:51,Sunday,4,Small,36.66,Industrial,Windy,24m 1s,On Time
921,2025-02-28 06:09:59,Friday,6,Large,62.52,Rural,Sunny,307m 56s,Delayed
922,2025-04-08 05:16:06,Tuesday,5,Small,16.21,Rural,Sunny,111m 43s,On Time
923,2025-04-04 06:01:42,Friday,6,X-Large,47.26,Industrial,Rainy,201m 29s,Delayed
924,2025-04-20 12:48:47,Sunday,12,Small,58.77,Urban,Windy,41m 35s,On Time
925,2025-04-02 14:43:09,Wednesday,14,Large,71.95,Industrial,Windy,59m 6s,On Time
926,2025-04-28 10:32:00,Monday,10,Small,86.85,Shopping Center,Rainy,100m 16s,On Time
927,2025-04-29 14:53:49,Tuesday,14,Medium,81.7,Industrial,Windy,51m 30s,On Time
928,2025-03-07 10:50:02,Friday,10,Medium,45.72,Rural,Snowy,112m 9s,On Time
929,2025-03-12 19:44:58,Wednesday,19,Special,1.34,Rural,Sunny,282m 45s,Delayed
930,2025-03-22 23:16:02,Saturday,23,Large,7.97,Shopping Center,Cloudy,86m 14s,On Time
931,2025-02-22 22:49:05,Saturday,22,Medium,5.06,Industrial,Windy,50m 58s,On Time
932,2025-04-14 14:36:46,Monday,14,Small,24.88,Shopping Center,Rainy,50m 17s,On Time
933,2025-04-12 06:26:40,Saturday,6,Special,68.86,Shopping Center,Snowy,806m 21s,Delayed
934,2025-03-16 05:32:57,Sunday,5,Large,75.68,Rural,Sunny,317m 48s,Delayed
935,2025-03-01 03:25:44,Saturday,3,Medium,32.64,Shopping Center,Sunny,131m 20s,Delayed
936,2025-03-21 19:23:48,Friday,19,Medium,16.83,Rural,Cloudy,239m 13s,Delayed
937,2025-04-22 22:19:43,Tuesday,22,Medium,58.18,Suburban,Sunny,183m 41s,Delayed
938,2025-02-21 15:22:30,Friday,15,Medium,50.64,Industrial,Windy,86m 49s,On Time
939,2025-03-15 23:40:03,Saturday,23,Small,48.1,Shopping Center,Cloudy,114m 57s,On Time
940,2025-04-14 06:11:26,Monday,6,Medium,51.65,Rural,Rainy,80m 5s,On Time
941,2025-03-28 17:33:13,Friday,17,Small,92.63,Rural,Cloudy,119m 21s,On Time
942,2025-03-29 05:36:34,Saturday,5,Special,42.37,Urban,Sunny,169m 1s,Delayed
943,2025-03-19 20:42:41,Wednesday,20,Medium,56.52,Urban,Sunny,54m 9s,On Time
944,2025-04-18 03:59:52,Friday,3,Medium,27.01,Suburban,Sunny,46m 1s,On Time
945,2025-05-12 16:02:02,Monday,16,Small,64.58,Industrial,Rainy,211m 40s,Delayed
946,2025-04-21 03:15:27,Monday,3,X-Large,47.01,Suburban,Sunny,81m 7s,On Time
947,2025-03-26 23:30:07,Wednesday,23,Medium,72.84,Industrial,Windy,187m 21s,Delayed
948,2025-03-02 14:56:13,Sunday,14,Medium,76.33,Rural,Sunny,94m 46s,On Time
949,2025-03-07 05:22:21,Friday,5,Small,60.55,Urban,Windy,103m 54s,On Time
950,2025-05-01 01:30:37,Thursday,1,Small,22.54,Rural,Snowy,224m 46s,Delayed
951,2025-04-22 01:27:50,Tuesday,1,Large,67.44,Urban,Sunny,93m 25s,On Time
952,2025-03-28 02:49:03,Friday,2,Small,4.93,Urban,Rainy,113m 4s,On Time
953,2025-05-08 05:59:40,Thursday,5,X-Large,30.37,Rural,Rainy,146m 37s,Delayed
954,2025-03-04 21:27:03,Tuesday,21,Large,4.64,Industrial,Snowy,91m 37s,On Time
955,2025-05-12 09:16:07,Monday,9,Medium,76.7,Suburban,Snowy,169m 5s,Delayed
956,2025-04-16 02:00:24,Wednesday,2,Special,15.43,Urban,Foggy,254m 3s,Delayed
957,2025-03-26 04:06:52,Wednesday,4,Medium,14.36,Suburban,Cloudy,26m 8s,On Time
958,2025-03-30 21:06:41,Sunday,21,Medium,29.49,Shopping Center,Foggy,40m 31s,On Time
959,2025-04-02 02:37:00,Wednesday,2,Special,80.25,Urban,Cloudy,216m 41s,Delayed
960,2025-04-03 11:34:53,Thursday,11,Medium,95.91,Suburban,Rainy,121m 7s,Delayed
961,2025-04-29 13:02:01,Tuesday,13,Small,91.09,Urban,Windy,163m 16s,Delayed
962,2025-05-11 08:13:15,Sunday,8,Large,46.67,Urban,Sunny,97m 21s,On Time
963,2025-03-10 08:33:08,Monday,8,Large,73.27,Industrial,Cloudy,97m 58s,On Time
964,2025-05-03 21:19:03,Saturday,21,Small,4.35,Rural,Foggy,78m 20s,On Time
965,2025-03-02 17:23:49,Sunday,17,Large,74.74,Industrial,Cloudy,80m 10s,On Time
966,2025-03-13 06:29:21,Thursday,6,Large,84.45,Industrial,Cloudy,69m 8s,On Time
967,2025-05-06 22:14:47,Tuesday,22,Small,85.58,Shopping Center,Cloudy,275m 21s,Delayed
968,2025-04-30 11:45:45,Wednesday,11,Small,55.53,Suburban,Cloudy,156m 18s,Delayed
969,2025-03-22 17:59:44,Saturday,17,X-Large,65.87,Suburban,Cloudy,109m 24s,On Time
970,2025-03-28 20:14:43,Friday,20,Medium,32.58,Industrial,Cloudy,39m 36s,On Time
971,2025-05-14 10:57:34,Wednesday,10,Large,54.92,Urban,Cloudy,229m 50s,Delayed
972,2025-03-19 06:37:25,Wednesday,6,Special,84.1,Rural,Sunny,512m 58s,Delayed
973,2025-04-24 08:17:22,Thursday,8,X-Large,70.57,Suburban,Rainy,539m 28s,Delayed
974,2025-04-07 21:47:18,Monday,21,X-Large,41.04,Suburban,Rainy,200m 48s,Delayed
975,2025-02-23 07:52:10,Sunday,7,Small,90.47,Industrial,Sunny,53m 53s,On Time
976,2025-05-05 10:26:46,Monday,10,Small,50.26,Urban,Cloudy,212m 18s,Delayed
977,2025-02-26 07:42:47,Wednesday,7,Special,96.13,Suburban,Sunny,527m 16s,Delayed
978,2025-04-26 02:43:47,Saturday,2,X-Large,17.89,Shopping Center,Cloudy,209m 25s,Delayed
979,2025-03-09 06:43:50,Sunday,6,Medium,1.29,Urban,Cloudy,71m 13s,On Time
980,2025-04-19 17:53:37,Saturday,17,Medium,7.44,Urban,Cloudy,34m 14s,On Time
981,2025-02-28 06:37:00,Friday,6,Medium,8.62,Rural,Sunny,70m 49s,On Time
982,2025-03-14 00:50:58,Friday,0,Large,94.53,Urban,Sunny,177m 54s,Delayed
983,2025-03-15 05:54:04,Saturday,5,Medium,8.86,Rural,Windy,72m 35s,On Time
984,2025-04-22 06:09:05,Tuesday,6,Medium,44.18,Rural,Sunny,137m 49s,Delayed
985,2025-02-15 14:43:00,Saturday,14,Medium,23.74,Rural,Rainy,46m 27s,On Time
986,2025-04-03 07:13:59,Thursday,7,Large,87.7,Shopping Center,Windy,481m 50s,Delayed
987,2025-04-23 06:46:57,Wednesday,6,Small,61.42,Suburban,Sunny,112m 25s,On Time
988,2025-05-01 23:26:20,Thursday,23,Small,99.06,Shopping Center,Sunny,76m 28s,On Time
989,2025-04-13 06:48:08,Sunday,6,Large,29.23,Urban,Rainy,161m 10s,Delayed
990,2025-04-25 13:22:17,Friday,13,Special,76.45,Industrial,Sunny,492m 15s,Delayed
991,2025-03-25 18:22:57,Tuesday,18,Small,11.07,Rural,Cloudy,37m 7s,On Time
992,2025-03-13 02:39:58,Thursday,2,Small,26.56,Suburban,Sunny,25m 37s,On Time
993,2025-04-10 21:39:59,Thursday,21,Medium,86.7,Industrial,Sunny,190m 13s,Delayed
994,2025-03-16 11:28:33,Sunday,11,Large,62.88,Suburban,Foggy,216m 49s,Delayed
995,2025-02-18 20:27:13,Tuesday,20,Large,52.34,Industrial,Foggy,51m 36s,On Time
996,2025-03-18 00:07:44,Tuesday,0,X-Large,53.95,Industrial,Cloudy,85m 38s,On Time
997,2025-04-26 03:40:41,Saturday,3,Large,32.07,Industrial,Cloudy,117m 54s,On Time
998,2025-03-06 14:13:49,Thursday,14,Large,84.97,Industrial,Cloudy,169m 52s,Delayed
999,2025-03-19 13:28:13,Wednesday,13,Large,37.91,Rural,Cloudy,247m 2s,Delayed
1000,2025-05-12 20:58:40,Monday,20,X-Large,68.35,Urban,Sunny,178m 31s,Delayed
